"M2 (Flu) / VPR (Jurkat) cellular_component Ontology, dist <= 1","","","",""
"Label","REF","ID","URL","p-value"
"UNCLASSIFIED","3127","","","0"
"macromolecular complex","4810","GO:0032991","http://amigo.geneontology.org/amigo/term/GO:0032991","3.98300321866e-127"
"intracellular organelle part","7672","GO:0044446","http://amigo.geneontology.org/amigo/term/GO:0044446","4.66469424174e-110"
"organelle part","7880","GO:0044422","http://amigo.geneontology.org/amigo/term/GO:0044422","1.2153794295e-107"
"ribonucleoprotein complex","687","GO:0030529","http://amigo.geneontology.org/amigo/term/GO:0030529","1.02493143827e-101"
"cytosol","3086","GO:0005829","http://amigo.geneontology.org/amigo/term/GO:0005829","1.58336477125e-97"
"extracellular exosome","2710","GO:0070062","http://amigo.geneontology.org/amigo/term/GO:0070062","1.32447781374e-90"
"extracellular membrane-bounded organelle","2710","GO:0065010","http://amigo.geneontology.org/amigo/term/GO:0065010","1.32447781374e-90"
"extracellular organelle","2723","GO:0043230","http://amigo.geneontology.org/amigo/term/GO:0043230","3.77047276385e-90"
"extracellular vesicle","2723","GO:1903561","http://amigo.geneontology.org/amigo/term/GO:1903561","3.77047276385e-90"
"cytosolic part","203","GO:0044445","http://amigo.geneontology.org/amigo/term/GO:0044445","1.93409351298e-81"
"intracellular part","13251","GO:0044424","http://amigo.geneontology.org/amigo/term/GO:0044424","1.59497284623e-80"
"intracellular organelle","11472","GO:0043229","http://amigo.geneontology.org/amigo/term/GO:0043229","1.64144066885e-80"
"intracellular","13605","GO:0005622","http://amigo.geneontology.org/amigo/term/GO:0005622","2.50419314448e-78"
"organelle","12514","GO:0043226","http://amigo.geneontology.org/amigo/term/GO:0043226","4.42326478671e-78"
"cytosolic ribosome","105","GO:0022626","http://amigo.geneontology.org/amigo/term/GO:0022626","6.61272859915e-78"
"membrane-bounded vesicle","3438","GO:0031988","http://amigo.geneontology.org/amigo/term/GO:0031988","7.505542494e-77"
"vesicle","3556","GO:0031982","http://amigo.geneontology.org/amigo/term/GO:0031982","1.10283441182e-76"
"membrane-bounded organelle","11617","GO:0043227","http://amigo.geneontology.org/amigo/term/GO:0043227","5.70998106568e-75"
"cytoplasm","10314","GO:0005737","http://amigo.geneontology.org/amigo/term/GO:0005737","2.36358642113e-73"
"nuclear part","3705","GO:0044428","http://amigo.geneontology.org/amigo/term/GO:0044428","5.66224818746e-72"
"membrane-enclosed lumen","4102","GO:0031974","http://amigo.geneontology.org/amigo/term/GO:0031974","2.61944488721e-67"
"ribosomal subunit","157","GO:0044391","http://amigo.geneontology.org/amigo/term/GO:0044391","5.71126856962e-67"
"extracellular region part","3687","GO:0044421","http://amigo.geneontology.org/amigo/term/GO:0044421","1.42394433681e-66"
"organelle lumen","4049","GO:0043233","http://amigo.geneontology.org/amigo/term/GO:0043233","2.05119829785e-66"
"intracellular organelle lumen","3994","GO:0070013","http://amigo.geneontology.org/amigo/term/GO:0070013","2.7379437955e-66"
"nuclear lumen","3361","GO:0031981","http://amigo.geneontology.org/amigo/term/GO:0031981","3.43319039911e-66"
"cytoplasmic part","7723","GO:0044444","http://amigo.geneontology.org/amigo/term/GO:0044444","5.42604742025e-65"
"nucleus","6616","GO:0005634","http://amigo.geneontology.org/amigo/term/GO:0005634","4.48075543082e-63"
"intracellular non-membrane-bounded organelle","3620","GO:0043232","http://amigo.geneontology.org/amigo/term/GO:0043232","3.82799866703e-61"
"non-membrane-bounded organelle","3620","GO:0043228","http://amigo.geneontology.org/amigo/term/GO:0043228","3.82799866703e-61"
"intracellular membrane-bounded organelle","10454","GO:0043231","http://amigo.geneontology.org/amigo/term/GO:0043231","2.35198094052e-56"
"ribosome","229","GO:0005840","http://amigo.geneontology.org/amigo/term/GO:0005840","1.83914436364e-55"
"cell part","15654","GO:0044464","http://amigo.geneontology.org/amigo/term/GO:0044464","2.74594791207e-54"
"cell","15700","GO:0005623","http://amigo.geneontology.org/amigo/term/GO:0005623","1.13271997526e-53"
"protein complex","4152","GO:0043234","http://amigo.geneontology.org/amigo/term/GO:0043234","1.13445238888e-52"
"extracellular region","4412","GO:0005576","http://amigo.geneontology.org/amigo/term/GO:0005576","3.06370279762e-51"
"nucleoplasm","2783","GO:0005654","http://amigo.geneontology.org/amigo/term/GO:0005654","2.12148167833e-50"
"cytosolic large ribosomal subunit","58","GO:0022625","http://amigo.geneontology.org/amigo/term/GO:0022625","2.29537917369e-41"
"focal adhesion","383","GO:0005925","http://amigo.geneontology.org/amigo/term/GO:0005925","2.68855943459e-39"
"cell-substrate adherens junction","388","GO:0005924","http://amigo.geneontology.org/amigo/term/GO:0005924","6.26578085348e-39"
"cell-substrate junction","392","GO:0030055","http://amigo.geneontology.org/amigo/term/GO:0030055","1.22218049779e-38"
"cytosolic small ribosomal subunit","40","GO:0022627","http://amigo.geneontology.org/amigo/term/GO:0022627","2.81129400528e-36"
"adherens junction","462","GO:0005912","http://amigo.geneontology.org/amigo/term/GO:0005912","6.15881464719e-35"
"anchoring junction","480","GO:0070161","http://amigo.geneontology.org/amigo/term/GO:0070161","9.48808723736e-35"
"large ribosomal subunit","91","GO:0015934","http://amigo.geneontology.org/amigo/term/GO:0015934","7.61480526085e-34"
"small ribosomal subunit","66","GO:0015935","http://amigo.geneontology.org/amigo/term/GO:0015935","1.03687363123e-30"
"cellular_component","17687","GO:0005575","http://amigo.geneontology.org/amigo/term/GO:0005575","8.69765809093e-29"
"spliceosomal complex","158","GO:0005681","http://amigo.geneontology.org/amigo/term/GO:0005681","5.9235045271e-26"
"proteasome complex","77","GO:0000502","http://amigo.geneontology.org/amigo/term/GO:0000502","6.01283604083e-26"
"cell junction","1127","GO:0030054","http://amigo.geneontology.org/amigo/term/GO:0030054","8.89151889734e-20"
"catalytic step 2 spliceosome","82","GO:0071013","http://amigo.geneontology.org/amigo/term/GO:0071013","4.85120598145e-19"
"ribonucleoprotein granule","131","GO:0035770","http://amigo.geneontology.org/amigo/term/GO:0035770","5.3807574241e-17"
"myelin sheath","168","GO:0043209","http://amigo.geneontology.org/amigo/term/GO:0043209","6.69245578412e-17"
"intrinsic component of membrane","5540","GO:0031224","http://amigo.geneontology.org/amigo/term/GO:0031224","1.45940557523e-16"
"cytoplasmic ribonucleoprotein granule","129","GO:0036464","http://amigo.geneontology.org/amigo/term/GO:0036464","3.69979220565e-16"
"integral component of membrane","5418","GO:0016021","http://amigo.geneontology.org/amigo/term/GO:0016021","1.6227548148e-15"
"proteasome accessory complex","25","GO:0022624","http://amigo.geneontology.org/amigo/term/GO:0022624","5.47272006214e-15"
"SMN-Sm protein complex","16","GO:0034719","http://amigo.geneontology.org/amigo/term/GO:0034719","9.42291996595e-15"
"proteasome regulatory particle","22","GO:0005838","http://amigo.geneontology.org/amigo/term/GO:0005838","7.15720242807e-13"
"cytoskeletal part","1397","GO:0044430","http://amigo.geneontology.org/amigo/term/GO:0044430","1.63748048526e-12"
"cytoskeleton","1929","GO:0005856","http://amigo.geneontology.org/amigo/term/GO:0005856","1.73873669202e-12"
"U12-type spliceosomal complex","24","GO:0005689","http://amigo.geneontology.org/amigo/term/GO:0005689","2.3186078213e-12"
"membrane","8856","GO:0016020","http://amigo.geneontology.org/amigo/term/GO:0016020","2.4847335686e-12"
"nucleolus","826","GO:0005730","http://amigo.geneontology.org/amigo/term/GO:0005730","8.49034403825e-12"
"proteasome core complex","21","GO:0005839","http://amigo.geneontology.org/amigo/term/GO:0005839","1.1082265146e-11"
"COP9 signalosome","34","GO:0008180","http://amigo.geneontology.org/amigo/term/GO:0008180","1.27341162949e-11"
"viral nucleocapsid","22","GO:0019013","http://amigo.geneontology.org/amigo/term/GO:0019013","1.98620807653e-11"
"viral capsid","26","GO:0019028","http://amigo.geneontology.org/amigo/term/GO:0019028","1.60029036673e-10"
"catalytic complex","981","GO:1902494","http://amigo.geneontology.org/amigo/term/GO:1902494","4.33487319684e-10"
"methyltransferase complex","85","GO:0034708","http://amigo.geneontology.org/amigo/term/GO:0034708","5.97241626349e-10"
"small nuclear ribonucleoprotein complex","46","GO:0030532","http://amigo.geneontology.org/amigo/term/GO:0030532","9.17509730156e-10"
"virion","31","GO:0019012","http://amigo.geneontology.org/amigo/term/GO:0019012","1.41589689158e-09"
"virion part","31","GO:0044423","http://amigo.geneontology.org/amigo/term/GO:0044423","1.41589689158e-09"
"melanosome","103","GO:0042470","http://amigo.geneontology.org/amigo/term/GO:0042470","1.81824912751e-09"
"pigment granule","103","GO:0048770","http://amigo.geneontology.org/amigo/term/GO:0048770","1.81824912751e-09"
"methylosome","10","GO:0034709","http://amigo.geneontology.org/amigo/term/GO:0034709","5.50632275613e-09"
"microtubule cytoskeleton","1023","GO:0015630","http://amigo.geneontology.org/amigo/term/GO:0015630","7.64881970173e-09"
"zona pellucida receptor complex","11","GO:0002199","http://amigo.geneontology.org/amigo/term/GO:0002199","1.27162947877e-08"
"transferase complex","637","GO:1990234","http://amigo.geneontology.org/amigo/term/GO:1990234","4.61438432757e-08"
"chaperonin-containing T-complex","9","GO:0005832","http://amigo.geneontology.org/amigo/term/GO:0005832","9.40470535992e-08"
"nucleoplasm part","676","GO:0044451","http://amigo.geneontology.org/amigo/term/GO:0044451","9.69630295107e-08"
"U1 snRNP","14","GO:0005685","http://amigo.geneontology.org/amigo/term/GO:0005685","1.04684533939e-07"
"spliceosomal snRNP complex","37","GO:0097525","http://amigo.geneontology.org/amigo/term/GO:0097525","1.90416846133e-07"
"nuclear body","330","GO:0016604","http://amigo.geneontology.org/amigo/term/GO:0016604","1.91557814447e-07"
"SMN complex","10","GO:0032797","http://amigo.geneontology.org/amigo/term/GO:0032797","2.14025488864e-07"
"proteasome core complex, alpha-subunit complex","8","GO:0019773","http://amigo.geneontology.org/amigo/term/GO:0019773","1.61275534128e-06"
"cytosolic proteasome complex","9","GO:0031597","http://amigo.geneontology.org/amigo/term/GO:0031597","3.60430093844e-06"
"U4 snRNP","10","GO:0005687","http://amigo.geneontology.org/amigo/term/GO:0005687","7.38432752476e-06"
"Gemini of coiled bodies","10","GO:0097504","http://amigo.geneontology.org/amigo/term/GO:0097504","7.38432752476e-06"
"pICln-Sm protein complex","6","GO:0034715","http://amigo.geneontology.org/amigo/term/GO:0034715","1.1250827966e-05"
"chromosomal part","684","GO:0044427","http://amigo.geneontology.org/amigo/term/GO:0044427","1.2010549453e-05"
"microtubule","375","GO:0005874","http://amigo.geneontology.org/amigo/term/GO:0005874","1.41687962487e-05"
"nuclear periphery","114","GO:0034399","http://amigo.geneontology.org/amigo/term/GO:0034399","2.84155570477e-05"
"nuclear proteasome complex","8","GO:0031595","http://amigo.geneontology.org/amigo/term/GO:0031595","6.07456048163e-05"
"chromosome","780","GO:0005694","http://amigo.geneontology.org/amigo/term/GO:0005694","6.4333865962e-05"
"organelle envelope","1060","GO:0031967","http://amigo.geneontology.org/amigo/term/GO:0031967","6.68361793042e-05"
"envelope","1064","GO:0031975","http://amigo.geneontology.org/amigo/term/GO:0031975","7.54778487249e-05"
"mitochondrion","1649","GO:0005739","http://amigo.geneontology.org/amigo/term/GO:0005739","0.000103822088853"
"membrane part","6584","GO:0044425","http://amigo.geneontology.org/amigo/term/GO:0044425","0.000192842193541"
"chromatin","403","GO:0000785","http://amigo.geneontology.org/amigo/term/GO:0000785","0.000224103264809"
"cytoplasmic vesicle","1146","GO:0031410","http://amigo.geneontology.org/amigo/term/GO:0031410","0.000345587844502"
"proteasome regulatory particle, base subcomplex","11","GO:0008540","http://amigo.geneontology.org/amigo/term/GO:0008540","0.000386725862608"
"cell body","441","GO:0044297","http://amigo.geneontology.org/amigo/term/GO:0044297","0.000441806986264"
"cytoplasmic membrane-bounded vesicle","1050","GO:0016023","http://amigo.geneontology.org/amigo/term/GO:0016023","0.000641265937287"
"nuclear speck","182","GO:0016607","http://amigo.geneontology.org/amigo/term/GO:0016607","0.000656862179365"
"nuclear pore","67","GO:0005643","http://amigo.geneontology.org/amigo/term/GO:0005643","0.000982749256082"
"cell leading edge","341","GO:0031252","http://amigo.geneontology.org/amigo/term/GO:0031252","0.00112994205733"
"mitochondrial nucleoid","42","GO:0042645","http://amigo.geneontology.org/amigo/term/GO:0042645","0.00115290964585"
"pore complex","83","GO:0046930","http://amigo.geneontology.org/amigo/term/GO:0046930","0.00117011545474"
"nucleoid","43","GO:0009295","http://amigo.geneontology.org/amigo/term/GO:0009295","0.00139568208425"
"Cul4-RING E3 ubiquitin ligase complex","24","GO:0080008","http://amigo.geneontology.org/amigo/term/GO:0080008","0.00255088389615"
"actin cytoskeleton","437","GO:0015629","http://amigo.geneontology.org/amigo/term/GO:0015629","0.00334940071966"
"GAIT complex","4","GO:0097452","http://amigo.geneontology.org/amigo/term/GO:0097452","0.00354569423817"
"mitochondrial part","908","GO:0044429","http://amigo.geneontology.org/amigo/term/GO:0044429","0.00381867802532"
"intrinsic component of plasma membrane","1620","GO:0031226","http://amigo.geneontology.org/amigo/term/GO:0031226","0.00388779219508"
"polysome","37","GO:0005844","http://amigo.geneontology.org/amigo/term/GO:0005844","0.00432011860282"
"centrosome","470","GO:0005813","http://amigo.geneontology.org/amigo/term/GO:0005813","0.00456839923803"
"nuclear matrix","96","GO:0016363","http://amigo.geneontology.org/amigo/term/GO:0016363","0.00510129536476"
"cullin-RING ubiquitin ligase complex","116","GO:0031461","http://amigo.geneontology.org/amigo/term/GO:0031461","0.0065852387933"
"histone methyltransferase complex","67","GO:0035097","http://amigo.geneontology.org/amigo/term/GO:0035097","0.00705321652682"
"cytoplasmic dynein complex","29","GO:0005868","http://amigo.geneontology.org/amigo/term/GO:0005868","0.00867286768083"
"mitochondrial matrix","360","GO:0005759","http://amigo.geneontology.org/amigo/term/GO:0005759","0.00901753269525"
"microtubule organizing center","598","GO:0005815","http://amigo.geneontology.org/amigo/term/GO:0005815","0.0100067173977"
"integral component of plasma membrane","1562","GO:0005887","http://amigo.geneontology.org/amigo/term/GO:0005887","0.0100346537199"
"COPI vesicle coat","12","GO:0030126","http://amigo.geneontology.org/amigo/term/GO:0030126","0.0137705672522"
"cytoplasmic stress granule","32","GO:0010494","http://amigo.geneontology.org/amigo/term/GO:0010494","0.0162614378922"
"Cul5-RING ubiquitin ligase complex","6","GO:0031466","http://amigo.geneontology.org/amigo/term/GO:0031466","0.017292936558"
"CRD-mediated mRNA stability complex","6","GO:0070937","http://amigo.geneontology.org/amigo/term/GO:0070937","0.017292936558"
"extrinsic component of plasma membrane","131","GO:0019897","http://amigo.geneontology.org/amigo/term/GO:0019897","0.0233179452504"
"U7 snRNP","7","GO:0005683","http://amigo.geneontology.org/amigo/term/GO:0005683","0.0314460697009"
"COPI-coated vesicle membrane","15","GO:0030663","http://amigo.geneontology.org/amigo/term/GO:0030663","0.0396580964621"
"nuclear envelope","384","GO:0005635","http://amigo.geneontology.org/amigo/term/GO:0005635","0.0706457642677"
"ubiquitin ligase complex","216","GO:0000151","http://amigo.geneontology.org/amigo/term/GO:0000151","0.089176426835"
"lipid particle","57","GO:0005811","http://amigo.geneontology.org/amigo/term/GO:0005811","0.091141453706"
"organelle inner membrane","528","GO:0019866","http://amigo.geneontology.org/amigo/term/GO:0019866","0.0940588372739"
"dynein complex","43","GO:0030286","http://amigo.geneontology.org/amigo/term/GO:0030286","0.103108514044"
"Cul2-RING ubiquitin ligase complex","10","GO:0031462","http://amigo.geneontology.org/amigo/term/GO:0031462","0.123863383782"
"ruffle","156","GO:0001726","http://amigo.geneontology.org/amigo/term/GO:0001726","0.13342033714"
"COPI-coated vesicle","20","GO:0030137","http://amigo.geneontology.org/amigo/term/GO:0030137","0.151763978188"
"aminoacyl-tRNA synthetase multienzyme complex","4","GO:0017101","http://amigo.geneontology.org/amigo/term/GO:0017101","0.151924555039"
"endoplasmic reticulum chaperone complex","11","GO:0034663","http://amigo.geneontology.org/amigo/term/GO:0034663","0.178011936307"
"microtubule associated complex","141","GO:0005875","http://amigo.geneontology.org/amigo/term/GO:0005875","0.200048872555"
"inclusion body","65","GO:0016234","http://amigo.geneontology.org/amigo/term/GO:0016234","0.221527002587"
"membrane protein complex","1080","GO:0098796","http://amigo.geneontology.org/amigo/term/GO:0098796","0.229440812449"
"cytoplasmic mRNA processing body","66","GO:0000932","http://amigo.geneontology.org/amigo/term/GO:0000932","0.245277589623"
"Cul4B-RING E3 ubiquitin ligase complex","5","GO:0031465","http://amigo.geneontology.org/amigo/term/GO:0031465","0.291581911277"
"midbody","126","GO:0030496","http://amigo.geneontology.org/amigo/term/GO:0030496","0.298352720045"
"blood microparticle","126","GO:0072562","http://amigo.geneontology.org/amigo/term/GO:0072562","0.298352720045"
"contractile fiber","217","GO:0043292","http://amigo.geneontology.org/amigo/term/GO:0043292","0.30754370267"
"mitochondrial membrane","662","GO:0031966","http://amigo.geneontology.org/amigo/term/GO:0031966","0.350870430357"
"contractile fiber part","198","GO:0044449","http://amigo.geneontology.org/amigo/term/GO:0044449","0.390617338844"
"mitochondrial envelope","698","GO:0005740","http://amigo.geneontology.org/amigo/term/GO:0005740","0.404494155522"
"nuclear chromatin","248","GO:0000790","http://amigo.geneontology.org/amigo/term/GO:0000790","0.412606323789"
"nuclear chromosome","408","GO:0000228","http://amigo.geneontology.org/amigo/term/GO:0000228","0.428783166495"
"histone pre-mRNA 3'end processing complex","6","GO:0071204","http://amigo.geneontology.org/amigo/term/GO:0071204","0.495125991952"
