"NA (Flu) / GP160 (Jurkat) biological_process Ontology, dist <= 1","","","",""
"Label","REF","ID","URL","p-value"
"UNCLASSIFIED","4289","","","0"
"viral process","673","GO:0016032","http://amigo.geneontology.org/amigo/term/GO:0016032","1.17275198193e-79"
"multi-organism cellular process","678","GO:0044764","http://amigo.geneontology.org/amigo/term/GO:0044764","2.74497774108e-79"
"interspecies interaction between organisms","749","GO:0044419","http://amigo.geneontology.org/amigo/term/GO:0044419","1.28071866939e-77"
"symbiosis, encompassing mutualism through parasitism","749","GO:0044403","http://amigo.geneontology.org/amigo/term/GO:0044403","1.28071866939e-77"
"protein localization to endoplasmic reticulum","136","GO:0070972","http://amigo.geneontology.org/amigo/term/GO:0070972","2.83501916984e-58"
"SRP-dependent cotranslational protein targeting to membrane","109","GO:0006614","http://amigo.geneontology.org/amigo/term/GO:0006614","7.37108143141e-58"
"cotranslational protein targeting to membrane","112","GO:0006613","http://amigo.geneontology.org/amigo/term/GO:0006613","3.30044343205e-57"
"protein targeting to ER","113","GO:0045047","http://amigo.geneontology.org/amigo/term/GO:0045047","5.39002042202e-57"
"viral life cycle","241","GO:0019058","http://amigo.geneontology.org/amigo/term/GO:0019058","3.57567848201e-56"
"establishment of protein localization to endoplasmic reticulum","117","GO:0072599","http://amigo.geneontology.org/amigo/term/GO:0072599","3.66949925211e-56"
"cellular metabolic process","8461","GO:0044237","http://amigo.geneontology.org/amigo/term/GO:0044237","4.35878189586e-56"
"single-organism intracellular transport","1159","GO:1902582","http://amigo.geneontology.org/amigo/term/GO:1902582","2.89796736591e-53"
"viral gene expression","121","GO:0019080","http://amigo.geneontology.org/amigo/term/GO:0019080","1.86265205454e-52"
"intracellular protein transport","727","GO:0006886","http://amigo.geneontology.org/amigo/term/GO:0006886","6.06711140374e-52"
"cellular protein metabolic process","3375","GO:0044267","http://amigo.geneontology.org/amigo/term/GO:0044267","1.44816185263e-51"
"viral transcription","111","GO:0019083","http://amigo.geneontology.org/amigo/term/GO:0019083","1.66252310776e-51"
"metabolic process","9836","GO:0008152","http://amigo.geneontology.org/amigo/term/GO:0008152","1.99371670079e-51"
"multi-organism metabolic process","127","GO:0044033","http://amigo.geneontology.org/amigo/term/GO:0044033","2.41961780705e-51"
"cytoplasmic transport","703","GO:0016482","http://amigo.geneontology.org/amigo/term/GO:0016482","2.70075634451e-51"
"intracellular transport","1348","GO:0046907","http://amigo.geneontology.org/amigo/term/GO:0046907","2.92369726749e-51"
"cellular macromolecule catabolic process","761","GO:0044265","http://amigo.geneontology.org/amigo/term/GO:0044265","4.11613435481e-51"
"mRNA metabolic process","562","GO:0016071","http://amigo.geneontology.org/amigo/term/GO:0016071","1.48552707882e-50"
"establishment of protein localization to organelle","347","GO:0072594","http://amigo.geneontology.org/amigo/term/GO:0072594","3.72391435109e-50"
"protein targeting to membrane","186","GO:0006612","http://amigo.geneontology.org/amigo/term/GO:0006612","5.01698060588e-49"
"nuclear-transcribed mRNA catabolic process, nonsense-mediated decay","118","GO:0000184","http://amigo.geneontology.org/amigo/term/GO:0000184","1.01921447366e-48"
"macromolecule catabolic process","895","GO:0009057","http://amigo.geneontology.org/amigo/term/GO:0009057","2.26009900886e-48"
"establishment of localization in cell","1808","GO:0051649","http://amigo.geneontology.org/amigo/term/GO:0051649","4.49145362688e-47"
"primary metabolic process","8563","GO:0044238","http://amigo.geneontology.org/amigo/term/GO:0044238","1.41742206876e-46"
"protein targeting","422","GO:0006605","http://amigo.geneontology.org/amigo/term/GO:0006605","2.07665432634e-46"
"protein localization to organelle","524","GO:0033365","http://amigo.geneontology.org/amigo/term/GO:0033365","8.47403171403e-45"
"organic substance metabolic process","8883","GO:0071704","http://amigo.geneontology.org/amigo/term/GO:0071704","1.07925594199e-44"
"multi-organism process","2165","GO:0051704","http://amigo.geneontology.org/amigo/term/GO:0051704","2.52001681526e-44"
"cellular process","14118","GO:0009987","http://amigo.geneontology.org/amigo/term/GO:0009987","3.40350259353e-44"
"cellular protein localization","1150","GO:0034613","http://amigo.geneontology.org/amigo/term/GO:0034613","3.79191478122e-44"
"cellular macromolecule localization","1158","GO:0070727","http://amigo.geneontology.org/amigo/term/GO:0070727","7.40030387603e-44"
"protein metabolic process","4043","GO:0019538","http://amigo.geneontology.org/amigo/term/GO:0019538","1.10342057969e-43"
"nuclear-transcribed mRNA catabolic process","180","GO:0000956","http://amigo.geneontology.org/amigo/term/GO:0000956","2.18567453001e-43"
"cellular macromolecule metabolic process","6571","GO:0044260","http://amigo.geneontology.org/amigo/term/GO:0044260","1.40118237653e-42"
"single-organism cellular localization","844","GO:1902580","http://amigo.geneontology.org/amigo/term/GO:1902580","1.47510124687e-42"
"mRNA catabolic process","192","GO:0006402","http://amigo.geneontology.org/amigo/term/GO:0006402","6.2539878437e-42"
"cellular localization","2176","GO:0051641","http://amigo.geneontology.org/amigo/term/GO:0051641","6.73771196695e-42"
"protein transport","1222","GO:0015031","http://amigo.geneontology.org/amigo/term/GO:0015031","1.28815221539e-41"
"establishment of protein localization","1304","GO:0045184","http://amigo.geneontology.org/amigo/term/GO:0045184","2.71496600884e-41"
"establishment of protein localization to membrane","272","GO:0090150","http://amigo.geneontology.org/amigo/term/GO:0090150","7.3485280429e-41"
"translation","393","GO:0006412","http://amigo.geneontology.org/amigo/term/GO:0006412","4.90809422436e-40"
"RNA catabolic process","221","GO:0006401","http://amigo.geneontology.org/amigo/term/GO:0006401","5.85747522665e-40"
"translational elongation","200","GO:0006414","http://amigo.geneontology.org/amigo/term/GO:0006414","8.55181955921e-40"
"cellular protein complex disassembly","200","GO:0043624","http://amigo.geneontology.org/amigo/term/GO:0043624","1.38154873069e-38"
"organic substance catabolic process","1497","GO:1901575","http://amigo.geneontology.org/amigo/term/GO:1901575","1.70845046401e-38"
"antigen processing and presentation of exogenous peptide antigen via MHC class I, TAP-dependent","75","GO:0002479","http://amigo.geneontology.org/amigo/term/GO:0002479","2.00484579489e-38"
"translational termination","171","GO:0006415","http://amigo.geneontology.org/amigo/term/GO:0006415","3.27254405591e-38"
"antigen processing and presentation of exogenous peptide antigen via MHC class I","79","GO:0042590","http://amigo.geneontology.org/amigo/term/GO:0042590","1.4218484493e-37"
"macromolecule metabolic process","7257","GO:0043170","http://amigo.geneontology.org/amigo/term/GO:0043170","1.68205911351e-37"
"organic substance transport","1897","GO:0071702","http://amigo.geneontology.org/amigo/term/GO:0071702","2.37799870078e-37"
"cellular catabolic process","1408","GO:0044248","http://amigo.geneontology.org/amigo/term/GO:0044248","2.54187597793e-37"
"single-organism membrane organization","706","GO:0044802","http://amigo.geneontology.org/amigo/term/GO:0044802","3.70833151915e-37"
"protein complex subunit organization","1396","GO:0071822","http://amigo.geneontology.org/amigo/term/GO:0071822","6.37714348319e-37"
"translational initiation","228","GO:0006413","http://amigo.geneontology.org/amigo/term/GO:0006413","6.39489902444e-37"
"protein complex disassembly","220","GO:0043241","http://amigo.geneontology.org/amigo/term/GO:0043241","1.55467793282e-36"
"macromolecule localization","2022","GO:0033036","http://amigo.geneontology.org/amigo/term/GO:0033036","1.87254604985e-36"
"membrane organization","870","GO:0061024","http://amigo.geneontology.org/amigo/term/GO:0061024","2.49457417854e-36"
"macromolecular complex disassembly","228","GO:0032984","http://amigo.geneontology.org/amigo/term/GO:0032984","9.05184751564e-36"
"single-organism cellular process","11370","GO:0044763","http://amigo.geneontology.org/amigo/term/GO:0044763","2.11247147173e-35"
"catabolic process","1723","GO:0009056","http://amigo.geneontology.org/amigo/term/GO:0009056","2.43219050167e-35"
"protein localization to membrane","387","GO:0072657","http://amigo.geneontology.org/amigo/term/GO:0072657","2.58128067329e-35"
"protein localization","1699","GO:0008104","http://amigo.geneontology.org/amigo/term/GO:0008104","3.05484411013e-35"
"establishment of localization","3844","GO:0051234","http://amigo.geneontology.org/amigo/term/GO:0051234","4.26283084383e-35"
"macromolecular complex subunit organization","2048","GO:0043933","http://amigo.geneontology.org/amigo/term/GO:0043933","1.65994755358e-34"
"antigen processing and presentation of peptide antigen via MHC class I","104","GO:0002474","http://amigo.geneontology.org/amigo/term/GO:0002474","1.90477341294e-34"
"single-organism localization","3303","GO:1902578","http://amigo.geneontology.org/amigo/term/GO:1902578","2.3251230051e-34"
"transport","3738","GO:0006810","http://amigo.geneontology.org/amigo/term/GO:0006810","8.34185702563e-34"
"single-organism process","12720","GO:0044699","http://amigo.geneontology.org/amigo/term/GO:0044699","8.91029250334e-34"
"single-organism transport","3098","GO:0044765","http://amigo.geneontology.org/amigo/term/GO:0044765","1.21896868467e-33"
"cellular component organization","4920","GO:0016043","http://amigo.geneontology.org/amigo/term/GO:0016043","4.12899718298e-32"
"biological_process","16525","GO:0008150","http://amigo.geneontology.org/amigo/term/GO:0008150","1.89488314163e-31"
"nucleobase-containing compound catabolic process","342","GO:0034655","http://amigo.geneontology.org/amigo/term/GO:0034655","3.3795470197e-31"
"cellular component organization or biogenesis","5042","GO:0071840","http://amigo.geneontology.org/amigo/term/GO:0071840","4.77429628308e-31"
"cellular component disassembly","492","GO:0022411","http://amigo.geneontology.org/amigo/term/GO:0022411","2.77609105022e-30"
"aromatic compound catabolic process","393","GO:0019439","http://amigo.geneontology.org/amigo/term/GO:0019439","5.05833553501e-30"
"antigen processing and presentation of exogenous peptide antigen","171","GO:0002478","http://amigo.geneontology.org/amigo/term/GO:0002478","9.29505737837e-30"
"cellular nitrogen compound catabolic process","383","GO:0044270","http://amigo.geneontology.org/amigo/term/GO:0044270","1.20718218435e-29"
"heterocycle catabolic process","383","GO:0046700","http://amigo.geneontology.org/amigo/term/GO:0046700","1.20718218435e-29"
"antigen processing and presentation of exogenous antigen","178","GO:0019884","http://amigo.geneontology.org/amigo/term/GO:0019884","4.63950301805e-29"
"organic cyclic compound catabolic process","424","GO:1901361","http://amigo.geneontology.org/amigo/term/GO:1901361","2.69172909293e-28"
"antigen processing and presentation of peptide antigen","188","GO:0048002","http://amigo.geneontology.org/amigo/term/GO:0048002","4.114407501e-28"
"gene expression","3807","GO:0010467","http://amigo.geneontology.org/amigo/term/GO:0010467","1.14589607153e-27"
"localization","4680","GO:0051179","http://amigo.geneontology.org/amigo/term/GO:0051179","1.14916420179e-27"
"signal transduction involved in mitotic G1 DNA damage checkpoint","68","GO:0072431","http://amigo.geneontology.org/amigo/term/GO:0072431","7.83412494735e-27"
"intracellular signal transduction involved in G1 DNA damage checkpoint","68","GO:1902400","http://amigo.geneontology.org/amigo/term/GO:1902400","7.83412494735e-27"
"signal transduction involved in mitotic cell cycle checkpoint","69","GO:0072413","http://amigo.geneontology.org/amigo/term/GO:0072413","1.19330302269e-26"
"signal transduction involved in mitotic DNA integrity checkpoint","69","GO:1902403","http://amigo.geneontology.org/amigo/term/GO:1902403","1.19330302269e-26"
"signal transduction involved in mitotic DNA damage checkpoint","69","GO:1902402","http://amigo.geneontology.org/amigo/term/GO:1902402","1.19330302269e-26"
"signal transduction involved in DNA damage checkpoint","71","GO:0072422","http://amigo.geneontology.org/amigo/term/GO:0072422","2.71730058372e-26"
"signal transduction involved in DNA integrity checkpoint","71","GO:0072401","http://amigo.geneontology.org/amigo/term/GO:0072401","2.71730058372e-26"
"signal transduction involved in cell cycle checkpoint","72","GO:0072395","http://amigo.geneontology.org/amigo/term/GO:0072395","4.06365107071e-26"
"cellular nitrogen compound metabolic process","4895","GO:0034641","http://amigo.geneontology.org/amigo/term/GO:0034641","5.09393693513e-26"
"nitrogen compound metabolic process","5263","GO:0006807","http://amigo.geneontology.org/amigo/term/GO:0006807","1.10421446818e-25"
"DNA damage response, signal transduction by p53 class mediator resulting in cell cycle arrest","67","GO:0006977","http://amigo.geneontology.org/amigo/term/GO:0006977","1.28828254156e-25"
"mitotic cell cycle phase transition","306","GO:0044772","http://amigo.geneontology.org/amigo/term/GO:0044772","1.45971919655e-25"
"cell cycle phase transition","310","GO:0044770","http://amigo.geneontology.org/amigo/term/GO:0044770","2.58073431738e-25"
"mitotic G1 DNA damage checkpoint","77","GO:0031571","http://amigo.geneontology.org/amigo/term/GO:0031571","2.79532116939e-25"
"mitotic G1/S transition checkpoint","78","GO:0044819","http://amigo.geneontology.org/amigo/term/GO:0044819","4.04670103463e-25"
"G1 DNA damage checkpoint","78","GO:0044783","http://amigo.geneontology.org/amigo/term/GO:0044783","4.04670103463e-25"
"antigen processing and presentation","225","GO:0019882","http://amigo.geneontology.org/amigo/term/GO:0019882","5.00534581602e-25"
"mitotic S phase","117","GO:0000084","http://amigo.geneontology.org/amigo/term/GO:0000084","6.52109561398e-25"
"positive regulation of ubiquitin-protein ligase activity involved in regulation of mitotic cell cycle transition","72","GO:0051437","http://amigo.geneontology.org/amigo/term/GO:0051437","9.53238571525e-25"
"S phase","119","GO:0051320","http://amigo.geneontology.org/amigo/term/GO:0051320","1.12146575882e-24"
"mitotic interphase","131","GO:0051329","http://amigo.geneontology.org/amigo/term/GO:0051329","1.5750258045e-24"
"interphase","133","GO:0051325","http://amigo.geneontology.org/amigo/term/GO:0051325","2.58707040987e-24"
"protein folding","224","GO:0006457","http://amigo.geneontology.org/amigo/term/GO:0006457","4.67803588093e-24"
"positive regulation of cell cycle arrest","88","GO:0071158","http://amigo.geneontology.org/amigo/term/GO:0071158","1.2713435902e-23"
"negative regulation of ubiquitin-protein ligase activity involved in mitotic cell cycle","81","GO:0051436","http://amigo.geneontology.org/amigo/term/GO:0051436","2.4860159807e-23"
"anaphase-promoting complex-dependent proteasomal ubiquitin-dependent protein catabolic process","83","GO:0031145","http://amigo.geneontology.org/amigo/term/GO:0031145","4.87287422489e-23"
"negative regulation of G1/S transition of mitotic cell cycle","103","GO:2000134","http://amigo.geneontology.org/amigo/term/GO:2000134","6.50649559651e-23"
"positive regulation of protein ubiquitination involved in ubiquitin-dependent protein catabolic process","86","GO:2000060","http://amigo.geneontology.org/amigo/term/GO:2000060","1.29597735461e-22"
"negative regulation of cell cycle G1/S phase transition","106","GO:1902807","http://amigo.geneontology.org/amigo/term/GO:1902807","1.50505581475e-22"
"negative regulation of ubiquitin-protein transferase activity","88","GO:0051444","http://amigo.geneontology.org/amigo/term/GO:0051444","2.43904645535e-22"
"positive regulation of ubiquitin-protein transferase activity","89","GO:0051443","http://amigo.geneontology.org/amigo/term/GO:0051443","3.32715179121e-22"
"negative regulation of ligase activity","89","GO:0051352","http://amigo.geneontology.org/amigo/term/GO:0051352","3.32715179121e-22"
"DNA damage response, signal transduction by p53 class mediator","90","GO:0030330","http://amigo.geneontology.org/amigo/term/GO:0030330","4.52204467461e-22"
"mitotic cell cycle","786","GO:0000278","http://amigo.geneontology.org/amigo/term/GO:0000278","5.40117640637e-22"
"regulation of cell cycle arrest","111","GO:0071156","http://amigo.geneontology.org/amigo/term/GO:0071156","5.76600470702e-22"
"regulation of ubiquitin-protein ligase activity involved in mitotic cell cycle","91","GO:0051439","http://amigo.geneontology.org/amigo/term/GO:0051439","6.12409495405e-22"
"mitotic DNA damage checkpoint","101","GO:0044773","http://amigo.geneontology.org/amigo/term/GO:0044773","6.3470177766e-22"
"regulation of cellular amino acid metabolic process","65","GO:0006521","http://amigo.geneontology.org/amigo/term/GO:0006521","7.76927102903e-22"
"cell cycle G1/S phase transition","172","GO:0044843","http://amigo.geneontology.org/amigo/term/GO:0044843","9.03820978599e-22"
"G1/S transition of mitotic cell cycle","172","GO:0000082","http://amigo.geneontology.org/amigo/term/GO:0000082","9.03820978599e-22"
"positive regulation of ligase activity","94","GO:0051351","http://amigo.geneontology.org/amigo/term/GO:0051351","1.48993235379e-21"
"mitotic cell cycle phase","294","GO:0098763","http://amigo.geneontology.org/amigo/term/GO:0098763","1.78522065758e-21"
"signal transduction in response to DNA damage","105","GO:0042770","http://amigo.geneontology.org/amigo/term/GO:0042770","1.90020038997e-21"
"regulation of protein ubiquitination involved in ubiquitin-dependent protein catabolic process","95","GO:2000058","http://amigo.geneontology.org/amigo/term/GO:2000058","1.99059110402e-21"
"cell cycle phase","296","GO:0022403","http://amigo.geneontology.org/amigo/term/GO:0022403","2.32615004847e-21"
"mitotic DNA integrity checkpoint","107","GO:0044774","http://amigo.geneontology.org/amigo/term/GO:0044774","3.23391454907e-21"
"regulation of cellular amine metabolic process","87","GO:0033238","http://amigo.geneontology.org/amigo/term/GO:0033238","3.33297267858e-21"
"mitotic M phase","221","GO:0000087","http://amigo.geneontology.org/amigo/term/GO:0000087","3.42014877897e-21"
"biological phase","300","GO:0044848","http://amigo.geneontology.org/amigo/term/GO:0044848","3.92573122133e-21"
"single-organism metabolic process","4361","GO:0044710","http://amigo.geneontology.org/amigo/term/GO:0044710","4.62650963898e-21"
"M phase","223","GO:0000279","http://amigo.geneontology.org/amigo/term/GO:0000279","4.69801081351e-21"
"negative regulation of protein modification by small protein conjugation or removal","134","GO:1903321","http://amigo.geneontology.org/amigo/term/GO:1903321","9.8814241957e-21"
"mitotic cell cycle process","716","GO:1903047","http://amigo.geneontology.org/amigo/term/GO:1903047","1.58677276484e-20"
"negative regulation of protein ubiquitination","128","GO:0031397","http://amigo.geneontology.org/amigo/term/GO:0031397","3.57129333347e-20"
"signal transduction by p53 class mediator","129","GO:0072331","http://amigo.geneontology.org/amigo/term/GO:0072331","4.46839694134e-20"
"proteasome-mediated ubiquitin-dependent protein catabolic process","305","GO:0043161","http://amigo.geneontology.org/amigo/term/GO:0043161","6.24570917769e-20"
"stimulatory C-type lectin receptor signaling pathway","119","GO:0002223","http://amigo.geneontology.org/amigo/term/GO:0002223","6.38522501024e-20"
"regulation of cell cycle G1/S phase transition","144","GO:1902806","http://amigo.geneontology.org/amigo/term/GO:1902806","8.33115149459e-20"
"innate immune response activating cell surface receptor signaling pathway","122","GO:0002220","http://amigo.geneontology.org/amigo/term/GO:0002220","1.27995859267e-19"
"anaphase","160","GO:0051322","http://amigo.geneontology.org/amigo/term/GO:0051322","1.58019610368e-19"
"mitotic anaphase","160","GO:0000090","http://amigo.geneontology.org/amigo/term/GO:0000090","1.58019610368e-19"
"proteasomal protein catabolic process","313","GO:0010498","http://amigo.geneontology.org/amigo/term/GO:0010498","1.66154360288e-19"
"regulation of G1/S transition of mitotic cell cycle","137","GO:2000045","http://amigo.geneontology.org/amigo/term/GO:2000045","2.51556232137e-19"
"cellular response to stress","1680","GO:0033554","http://amigo.geneontology.org/amigo/term/GO:0033554","4.5060468027e-19"
"mitotic cell cycle checkpoint","166","GO:0007093","http://amigo.geneontology.org/amigo/term/GO:0007093","4.80556838912e-19"
"cell cycle","1297","GO:0007049","http://amigo.geneontology.org/amigo/term/GO:0007049","5.62206475266e-19"
"positive regulation of canonical Wnt signaling pathway","130","GO:0090263","http://amigo.geneontology.org/amigo/term/GO:0090263","7.49979476152e-19"
"cellular component biogenesis","1956","GO:0044085","http://amigo.geneontology.org/amigo/term/GO:0044085","1.08719272474e-18"
"regulation of ubiquitin-protein transferase activity","120","GO:0051438","http://amigo.geneontology.org/amigo/term/GO:0051438","1.13412434992e-18"
"small molecule metabolic process","2219","GO:0044281","http://amigo.geneontology.org/amigo/term/GO:0044281","3.34084512289e-18"
"regulation of ligase activity","127","GO:0051340","http://amigo.geneontology.org/amigo/term/GO:0051340","5.2052996453e-18"
"heterocycle metabolic process","4561","GO:0046483","http://amigo.geneontology.org/amigo/term/GO:0046483","6.18560255629e-18"
"nucleobase-containing compound metabolic process","4360","GO:0006139","http://amigo.geneontology.org/amigo/term/GO:0006139","7.30930915834e-18"
"cell cycle process","1041","GO:0022402","http://amigo.geneontology.org/amigo/term/GO:0022402","7.52092385432e-18"
"DNA damage checkpoint","143","GO:0000077","http://amigo.geneontology.org/amigo/term/GO:0000077","1.04681221833e-17"
"negative regulation of mitotic cell cycle phase transition","157","GO:1901991","http://amigo.geneontology.org/amigo/term/GO:1901991","1.21954292046e-17"
"organic cyclic compound metabolic process","4806","GO:1901360","http://amigo.geneontology.org/amigo/term/GO:1901360","1.39225972683e-17"
"cellular aromatic compound metabolic process","4563","GO:0006725","http://amigo.geneontology.org/amigo/term/GO:0006725","1.78031945908e-17"
"biosynthetic process","4657","GO:0009058","http://amigo.geneontology.org/amigo/term/GO:0009058","2.25395743454e-17"
"positive regulation of proteolysis involved in cellular protein catabolic process","161","GO:1903052","http://amigo.geneontology.org/amigo/term/GO:1903052","2.48371911806e-17"
"cell cycle checkpoint","255","GO:0000075","http://amigo.geneontology.org/amigo/term/GO:0000075","3.80649567601e-17"
"negative regulation of canonical Wnt signaling pathway","152","GO:0090090","http://amigo.geneontology.org/amigo/term/GO:0090090","5.59692411415e-17"
"response to stress","3559","GO:0006950","http://amigo.geneontology.org/amigo/term/GO:0006950","6.17955183298e-17"
"DNA integrity checkpoint","153","GO:0031570","http://amigo.geneontology.org/amigo/term/GO:0031570","6.69766008056e-17"
"negative regulation of cell cycle phase transition","168","GO:1901988","http://amigo.geneontology.org/amigo/term/GO:1901988","8.23981028964e-17"
"cellular biosynthetic process","4478","GO:0044249","http://amigo.geneontology.org/amigo/term/GO:0044249","1.2639321767e-16"
"positive regulation of cellular protein catabolic process","173","GO:1903364","http://amigo.geneontology.org/amigo/term/GO:1903364","1.87710192999e-16"
"positive regulation of Wnt signaling pathway","162","GO:0030177","http://amigo.geneontology.org/amigo/term/GO:0030177","3.1876285214e-16"
"regulation of response to stress","1316","GO:0080134","http://amigo.geneontology.org/amigo/term/GO:0080134","3.20557378821e-16"
"organic substance biosynthetic process","4571","GO:1901576","http://amigo.geneontology.org/amigo/term/GO:1901576","4.15433164516e-16"
"positive regulation of protein modification by small protein conjugation or removal","178","GO:1903322","http://amigo.geneontology.org/amigo/term/GO:1903322","4.16680322651e-16"
"positive regulation of protein ubiquitination","165","GO:0031398","http://amigo.geneontology.org/amigo/term/GO:0031398","5.24982197029e-16"
"positive regulation of cell cycle","301","GO:0045787","http://amigo.geneontology.org/amigo/term/GO:0045787","1.11497106446e-15"
"cellular component assembly","1788","GO:0022607","http://amigo.geneontology.org/amigo/term/GO:0022607","1.38184591883e-15"
"proteolysis involved in cellular protein catabolic process","485","GO:0051603","http://amigo.geneontology.org/amigo/term/GO:0051603","1.57948790034e-15"
"regulation of programmed cell death","1422","GO:0043067","http://amigo.geneontology.org/amigo/term/GO:0043067","2.31554840742e-15"
"negative regulation of mitotic cell cycle","221","GO:0045930","http://amigo.geneontology.org/amigo/term/GO:0045930","2.3668473464e-15"
"macromolecular complex assembly","1156","GO:0065003","http://amigo.geneontology.org/amigo/term/GO:0065003","2.45657886634e-15"
"innate immune response-activating signal transduction","239","GO:0002758","http://amigo.geneontology.org/amigo/term/GO:0002758","2.85987438355e-15"
"immune response-activating cell surface receptor signaling pathway","293","GO:0002429","http://amigo.geneontology.org/amigo/term/GO:0002429","3.39911228771e-15"
"regulation of apoptotic process","1405","GO:0042981","http://amigo.geneontology.org/amigo/term/GO:0042981","4.07445241954e-15"
"positive regulation of cell cycle process","242","GO:0090068","http://amigo.geneontology.org/amigo/term/GO:0090068","4.15184114414e-15"
"cellular protein catabolic process","501","GO:0044257","http://amigo.geneontology.org/amigo/term/GO:0044257","5.54729195292e-15"
"activation of innate immune response","245","GO:0002218","http://amigo.geneontology.org/amigo/term/GO:0002218","5.99602139292e-15"
"ubiquitin-dependent protein catabolic process","439","GO:0006511","http://amigo.geneontology.org/amigo/term/GO:0006511","7.09708015164e-15"
"negative regulation of Wnt signaling pathway","183","GO:0030178","http://amigo.geneontology.org/amigo/term/GO:0030178","8.60553119232e-15"
"negative regulation of cell cycle process","232","GO:0010948","http://amigo.geneontology.org/amigo/term/GO:0010948","9.73781315403e-15"
"modification-dependent protein catabolic process","447","GO:0019941","http://amigo.geneontology.org/amigo/term/GO:0019941","1.37223965176e-14"
"modification-dependent macromolecule catabolic process","453","GO:0043632","http://amigo.geneontology.org/amigo/term/GO:0043632","2.22921769692e-14"
"cellular macromolecular complex assembly","590","GO:0034622","http://amigo.geneontology.org/amigo/term/GO:0034622","2.39368457463e-14"
"negative regulation of programmed cell death","844","GO:0043069","http://amigo.geneontology.org/amigo/term/GO:0043069","2.78210859271e-14"
"regulation of protein modification by small protein conjugation or removal","259","GO:1903320","http://amigo.geneontology.org/amigo/term/GO:1903320","3.12109398239e-14"
"negative regulation of cell death","902","GO:0060548","http://amigo.geneontology.org/amigo/term/GO:0060548","3.5031235437e-14"
"protein catabolic process","549","GO:0030163","http://amigo.geneontology.org/amigo/term/GO:0030163","3.58762192282e-14"
"regulation of canonical Wnt signaling pathway","227","GO:0060828","http://amigo.geneontology.org/amigo/term/GO:0060828","4.24558569055e-14"
"regulation of cell death","1505","GO:0010941","http://amigo.geneontology.org/amigo/term/GO:0010941","6.40866770931e-14"
"negative regulation of apoptotic process","833","GO:0043066","http://amigo.geneontology.org/amigo/term/GO:0043066","6.48692964502e-14"
"generation of precursor metabolites and energy","403","GO:0006091","http://amigo.geneontology.org/amigo/term/GO:0006091","7.0157944593e-14"
"immune response-activating signal transduction","403","GO:0002757","http://amigo.geneontology.org/amigo/term/GO:0002757","7.0157944593e-14"
"protein polyubiquitination","198","GO:0000209","http://amigo.geneontology.org/amigo/term/GO:0000209","7.06595484748e-14"
"regulation of mitotic cell cycle phase transition","249","GO:1901990","http://amigo.geneontology.org/amigo/term/GO:1901990","7.50524501742e-14"
"regulation of innate immune response","364","GO:0045088","http://amigo.geneontology.org/amigo/term/GO:0045088","8.52273539699e-14"
"regulation of cellular protein catabolic process","306","GO:1903362","http://amigo.geneontology.org/amigo/term/GO:1903362","9.34253571522e-14"
"regulation of proteolysis involved in cellular protein catabolic process","288","GO:1903050","http://amigo.geneontology.org/amigo/term/GO:1903050","1.01763220107e-13"
"programmed cell death","1067","GO:0012501","http://amigo.geneontology.org/amigo/term/GO:0012501","1.2131026866e-13"
"apoptotic process","1045","GO:0006915","http://amigo.geneontology.org/amigo/term/GO:0006915","1.6554080193e-13"
"mRNA splicing, via spliceosome","222","GO:0000398","http://amigo.geneontology.org/amigo/term/GO:0000398","1.84284959228e-13"
"RNA splicing, via transesterification reactions with bulged adenosine as nucleophile","222","GO:0000377","http://amigo.geneontology.org/amigo/term/GO:0000377","1.84284959228e-13"
"negative regulation of protein modification process","504","GO:0031400","http://amigo.geneontology.org/amigo/term/GO:0031400","1.99438982531e-13"
"regulation of protein ubiquitination","242","GO:0031396","http://amigo.geneontology.org/amigo/term/GO:0031396","2.54312418281e-13"
"RNA splicing, via transesterification reactions","225","GO:0000375","http://amigo.geneontology.org/amigo/term/GO:0000375","2.65346055805e-13"
"RNA splicing","337","GO:0008380","http://amigo.geneontology.org/amigo/term/GO:0008380","2.84094499126e-13"
"organelle organization","2891","GO:0006996","http://amigo.geneontology.org/amigo/term/GO:0006996","4.00994217715e-13"
"regulation of catabolic process","790","GO:0009894","http://amigo.geneontology.org/amigo/term/GO:0009894","4.72898394984e-13"
"regulation of cell cycle phase transition","266","GO:1901987","http://amigo.geneontology.org/amigo/term/GO:1901987","4.95735082103e-13"
"activation of immune response","449","GO:0002253","http://amigo.geneontology.org/amigo/term/GO:0002253","5.02681270255e-13"
"positive regulation of innate immune response","287","GO:0045089","http://amigo.geneontology.org/amigo/term/GO:0045089","6.33536406196e-13"
"nucleic acid metabolic process","3866","GO:0090304","http://amigo.geneontology.org/amigo/term/GO:0090304","8.04400602892e-13"
"cell death","1109","GO:0008219","http://amigo.geneontology.org/amigo/term/GO:0008219","8.08364633732e-13"
"death","1114","GO:0016265","http://amigo.geneontology.org/amigo/term/GO:0016265","1.00644179903e-12"
"response to organic substance","2523","GO:0010033","http://amigo.geneontology.org/amigo/term/GO:0010033","1.25564224487e-12"
"positive regulation of protein catabolic process","242","GO:0045732","http://amigo.geneontology.org/amigo/term/GO:0045732","1.89454498602e-12"
"regulation of cellular catabolic process","685","GO:0031329","http://amigo.geneontology.org/amigo/term/GO:0031329","1.95216394608e-12"
"regulation of protein catabolic process","423","GO:0042176","http://amigo.geneontology.org/amigo/term/GO:0042176","2.02036011452e-12"
"negative regulation of transferase activity","321","GO:0051348","http://amigo.geneontology.org/amigo/term/GO:0051348","2.57739452607e-12"
"macromolecule biosynthetic process","3638","GO:0009059","http://amigo.geneontology.org/amigo/term/GO:0009059","2.88515185912e-12"
"RNA metabolic process","3366","GO:0016070","http://amigo.geneontology.org/amigo/term/GO:0016070","3.48768655398e-12"
"positive regulation of cellular catabolic process","412","GO:0031331","http://amigo.geneontology.org/amigo/term/GO:0031331","4.71344846982e-12"
"positive regulation of immune system process","863","GO:0002684","http://amigo.geneontology.org/amigo/term/GO:0002684","5.08111927892e-12"
"positive regulation of immune response","581","GO:0050778","http://amigo.geneontology.org/amigo/term/GO:0050778","7.11875551282e-12"
"positive regulation of proteolysis","353","GO:0045862","http://amigo.geneontology.org/amigo/term/GO:0045862","7.16600806594e-12"
"energy derivation by oxidation of organic compounds","334","GO:0015980","http://amigo.geneontology.org/amigo/term/GO:0015980","8.27778959908e-12"
"regulation of Wnt signaling pathway","296","GO:0030111","http://amigo.geneontology.org/amigo/term/GO:0030111","1.00733489812e-11"
"response to stimulus","7577","GO:0050896","http://amigo.geneontology.org/amigo/term/GO:0050896","1.08175351757e-11"
"regulation of cell cycle process","515","GO:0010564","http://amigo.geneontology.org/amigo/term/GO:0010564","1.08407997607e-11"
"negative regulation of protein metabolic process","938","GO:0051248","http://amigo.geneontology.org/amigo/term/GO:0051248","1.24731244815e-11"
"oxidation-reduction process","1003","GO:0055114","http://amigo.geneontology.org/amigo/term/GO:0055114","1.73763056076e-11"
"cellular macromolecule biosynthetic process","3564","GO:0034645","http://amigo.geneontology.org/amigo/term/GO:0034645","2.06258997983e-11"
"regulation of cellular ketone metabolic process","193","GO:0010565","http://amigo.geneontology.org/amigo/term/GO:0010565","2.12753633089e-11"
"RNA processing","703","GO:0006396","http://amigo.geneontology.org/amigo/term/GO:0006396","2.28570155254e-11"
"regulation of defense response","733","GO:0031347","http://amigo.geneontology.org/amigo/term/GO:0031347","2.75435298187e-11"
"cellular response to DNA damage stimulus","690","GO:0006974","http://amigo.geneontology.org/amigo/term/GO:0006974","4.70778456976e-11"
"negative regulation of cell cycle","446","GO:0045786","http://amigo.geneontology.org/amigo/term/GO:0045786","5.81332041025e-11"
"positive regulation of defense response","379","GO:0031349","http://amigo.geneontology.org/amigo/term/GO:0031349","5.93020366294e-11"
"immune response-regulating cell surface receptor signaling pathway","402","GO:0002768","http://amigo.geneontology.org/amigo/term/GO:0002768","6.38214062849e-11"
"immune response-regulating signaling pathway","501","GO:0002764","http://amigo.geneontology.org/amigo/term/GO:0002764","9.94899996745e-11"
"negative regulation of cellular protein metabolic process","871","GO:0032269","http://amigo.geneontology.org/amigo/term/GO:0032269","1.08855660071e-10"
"immune system process","2107","GO:0002376","http://amigo.geneontology.org/amigo/term/GO:0002376","1.22606462819e-10"
"mRNA processing","394","GO:0006397","http://amigo.geneontology.org/amigo/term/GO:0006397","1.85489589607e-10"
"heterocycle biosynthetic process","3033","GO:0018130","http://amigo.geneontology.org/amigo/term/GO:0018130","2.26865319297e-10"
"positive regulation of catabolic process","467","GO:0009896","http://amigo.geneontology.org/amigo/term/GO:0009896","2.44316804257e-10"
"ribonucleoprotein complex biogenesis","334","GO:0022613","http://amigo.geneontology.org/amigo/term/GO:0022613","2.8228601412e-10"
"organic cyclic compound biosynthetic process","3164","GO:1901362","http://amigo.geneontology.org/amigo/term/GO:1901362","3.02940705625e-10"
"proteasomal ubiquitin-independent protein catabolic process","23","GO:0010499","http://amigo.geneontology.org/amigo/term/GO:0010499","4.83410757839e-10"
"nucleobase-containing compound biosynthetic process","2952","GO:0034654","http://amigo.geneontology.org/amigo/term/GO:0034654","5.24509792362e-10"
"aromatic compound biosynthetic process","3034","GO:0019438","http://amigo.geneontology.org/amigo/term/GO:0019438","5.69031821241e-10"
"cellular response to stimulus","6182","GO:0051716","http://amigo.geneontology.org/amigo/term/GO:0051716","1.12162092941e-09"
"cellular nitrogen compound biosynthetic process","3116","GO:0044271","http://amigo.geneontology.org/amigo/term/GO:0044271","1.46560885513e-09"
"regulation of cell cycle","930","GO:0051726","http://amigo.geneontology.org/amigo/term/GO:0051726","1.48670689701e-09"
"regulation of immune response","844","GO:0050776","http://amigo.geneontology.org/amigo/term/GO:0050776","1.5731364512e-09"
"response to endoplasmic reticulum stress","217","GO:0034976","http://amigo.geneontology.org/amigo/term/GO:0034976","2.30798607622e-09"
"innate immune response","943","GO:0045087","http://amigo.geneontology.org/amigo/term/GO:0045087","2.56382260326e-09"
"regulation of immune system process","1390","GO:0002682","http://amigo.geneontology.org/amigo/term/GO:0002682","3.38108459318e-09"
"regulation of mitotic cell cycle","460","GO:0007346","http://amigo.geneontology.org/amigo/term/GO:0007346","3.46154523547e-09"
"response to chemical","3863","GO:0042221","http://amigo.geneontology.org/amigo/term/GO:0042221","4.33070544729e-09"
"regulation of protein metabolic process","2378","GO:0051246","http://amigo.geneontology.org/amigo/term/GO:0051246","8.21243284078e-09"
"'de novo' posttranslational protein folding","48","GO:0051084","http://amigo.geneontology.org/amigo/term/GO:0051084","9.29922863272e-09"
"ribonucleoside triphosphate metabolic process","195","GO:0009199","http://amigo.geneontology.org/amigo/term/GO:0009199","1.10556029024e-08"
"nucleocytoplasmic transport","234","GO:0006913","http://amigo.geneontology.org/amigo/term/GO:0006913","1.22260417058e-08"
"negative regulation of macromolecule metabolic process","2134","GO:0010605","http://amigo.geneontology.org/amigo/term/GO:0010605","1.23755398771e-08"
"positive regulation of biological process","5253","GO:0048518","http://amigo.geneontology.org/amigo/term/GO:0048518","1.89552763434e-08"
"nuclear transport","239","GO:0051169","http://amigo.geneontology.org/amigo/term/GO:0051169","1.94304044953e-08"
"negative regulation of metabolic process","2461","GO:0009892","http://amigo.geneontology.org/amigo/term/GO:0009892","2.40434040936e-08"
"'de novo' protein folding","52","GO:0006458","http://amigo.geneontology.org/amigo/term/GO:0006458","2.66230313876e-08"
"negative regulation of biological process","4346","GO:0048519","http://amigo.geneontology.org/amigo/term/GO:0048519","2.73092559084e-08"
"ribonucleoprotein complex assembly","170","GO:0022618","http://amigo.geneontology.org/amigo/term/GO:0022618","3.70097850452e-08"
"negative regulation of cellular metabolic process","2194","GO:0031324","http://amigo.geneontology.org/amigo/term/GO:0031324","5.51097482347e-08"
"ATP metabolic process","174","GO:0046034","http://amigo.geneontology.org/amigo/term/GO:0046034","5.76052059596e-08"
"ribosome biogenesis","215","GO:0042254","http://amigo.geneontology.org/amigo/term/GO:0042254","8.14720992744e-08"
"response to topologically incorrect protein","160","GO:0035966","http://amigo.geneontology.org/amigo/term/GO:0035966","8.7939728328e-08"
"nucleoside triphosphate metabolic process","216","GO:0009141","http://amigo.geneontology.org/amigo/term/GO:0009141","8.95080102262e-08"
"positive regulation of transferase activity","569","GO:0051347","http://amigo.geneontology.org/amigo/term/GO:0051347","9.46166676516e-08"
"negative regulation of response to stimulus","1295","GO:0048585","http://amigo.geneontology.org/amigo/term/GO:0048585","9.68599472493e-08"
"ribonucleoprotein complex subunit organization","179","GO:0071826","http://amigo.geneontology.org/amigo/term/GO:0071826","9.85296366923e-08"
"negative regulation of cellular process","4000","GO:0048523","http://amigo.geneontology.org/amigo/term/GO:0048523","1.20499129245e-07"
"ribosome assembly","48","GO:0042255","http://amigo.geneontology.org/amigo/term/GO:0042255","1.46971088111e-07"
"ER-associated ubiquitin-dependent protein catabolic process","60","GO:0030433","http://amigo.geneontology.org/amigo/term/GO:0030433","1.72038283129e-07"
"response to unfolded protein","150","GO:0006986","http://amigo.geneontology.org/amigo/term/GO:0006986","2.07796960087e-07"
"protein complex assembly","940","GO:0006461","http://amigo.geneontology.org/amigo/term/GO:0006461","2.69289649832e-07"
"protein complex biogenesis","940","GO:0070271","http://amigo.geneontology.org/amigo/term/GO:0070271","2.69289649832e-07"
"purine ribonucleoside triphosphate metabolic process","189","GO:0009205","http://amigo.geneontology.org/amigo/term/GO:0009205","2.74032567719e-07"
"ribonucleoside monophosphate metabolic process","211","GO:0009161","http://amigo.geneontology.org/amigo/term/GO:0009161","3.50406415168e-07"
"regulation of response to stimulus","3433","GO:0048583","http://amigo.geneontology.org/amigo/term/GO:0048583","3.89040655763e-07"
"regulation of cellular protein metabolic process","2209","GO:0032268","http://amigo.geneontology.org/amigo/term/GO:0032268","4.65356079986e-07"
"positive regulation of cellular process","4526","GO:0048522","http://amigo.geneontology.org/amigo/term/GO:0048522","5.74704547084e-07"
"purine nucleoside triphosphate metabolic process","197","GO:0009144","http://amigo.geneontology.org/amigo/term/GO:0009144","5.93980358766e-07"
"regulation of proteolysis","751","GO:0030162","http://amigo.geneontology.org/amigo/term/GO:0030162","6.42492242451e-07"
"purine ribonucleoside monophosphate metabolic process","198","GO:0009167","http://amigo.geneontology.org/amigo/term/GO:0009167","6.52579327316e-07"
"purine nucleoside monophosphate metabolic process","199","GO:0009126","http://amigo.geneontology.org/amigo/term/GO:0009126","7.16557115542e-07"
"ERAD pathway","68","GO:0036503","http://amigo.geneontology.org/amigo/term/GO:0036503","8.64867333175e-07"
"nucleoside monophosphate metabolic process","222","GO:0009123","http://amigo.geneontology.org/amigo/term/GO:0009123","9.32218185026e-07"
"defense response","1440","GO:0006952","http://amigo.geneontology.org/amigo/term/GO:0006952","9.89696292397e-07"
"proteolysis","1144","GO:0006508","http://amigo.geneontology.org/amigo/term/GO:0006508","1.25233870318e-06"
"ribosomal large subunit biogenesis","36","GO:0042273","http://amigo.geneontology.org/amigo/term/GO:0042273","1.50493079245e-06"
"COPI-coated vesicle budding","13","GO:0035964","http://amigo.geneontology.org/amigo/term/GO:0035964","2.10260424436e-06"
"COPI coating of Golgi vesicle","13","GO:0048205","http://amigo.geneontology.org/amigo/term/GO:0048205","2.10260424436e-06"
"Golgi transport vesicle coating","13","GO:0048200","http://amigo.geneontology.org/amigo/term/GO:0048200","2.10260424436e-06"
"positive regulation of protein metabolic process","1399","GO:0051247","http://amigo.geneontology.org/amigo/term/GO:0051247","2.19865445174e-06"
"RNA biosynthetic process","2671","GO:0032774","http://amigo.geneontology.org/amigo/term/GO:0032774","2.2697108776e-06"
"negative regulation of molecular function","1032","GO:0044092","http://amigo.geneontology.org/amigo/term/GO:0044092","2.27277595459e-06"
"intracellular signal transduction","1757","GO:0035556","http://amigo.geneontology.org/amigo/term/GO:0035556","2.36365955644e-06"
"ribonucleoside metabolic process","300","GO:0009119","http://amigo.geneontology.org/amigo/term/GO:0009119","2.49541162038e-06"
"negative regulation of signal transduction","1035","GO:0009968","http://amigo.geneontology.org/amigo/term/GO:0009968","2.51180557491e-06"
"regulation of protein modification process","1517","GO:0031399","http://amigo.geneontology.org/amigo/term/GO:0031399","3.15059691045e-06"
"cellular respiration","177","GO:0045333","http://amigo.geneontology.org/amigo/term/GO:0045333","3.56813872374e-06"
"immune response","1321","GO:0006955","http://amigo.geneontology.org/amigo/term/GO:0006955","4.52609544927e-06"
"negative regulation of catalytic activity","804","GO:0043086","http://amigo.geneontology.org/amigo/term/GO:0043086","5.21714523094e-06"
"respiratory electron transport chain","128","GO:0022904","http://amigo.geneontology.org/amigo/term/GO:0022904","6.85318811084e-06"
"positive regulation of cellular protein metabolic process","1308","GO:0032270","http://amigo.geneontology.org/amigo/term/GO:0032270","8.31048674492e-06"
"electron transport chain","130","GO:0022900","http://amigo.geneontology.org/amigo/term/GO:0022900","8.61733425996e-06"
"glycosyl compound metabolic process","343","GO:1901657","http://amigo.geneontology.org/amigo/term/GO:1901657","8.81129683843e-06"
"positive regulation of cellular metabolic process","2825","GO:0031325","http://amigo.geneontology.org/amigo/term/GO:0031325","9.49358139193e-06"
"cellular protein modification process","2588","GO:0006464","http://amigo.geneontology.org/amigo/term/GO:0006464","1.02671826387e-05"
"protein modification process","2588","GO:0036211","http://amigo.geneontology.org/amigo/term/GO:0036211","1.02671826387e-05"
"Golgi vesicle budding","16","GO:0048194","http://amigo.geneontology.org/amigo/term/GO:0048194","1.05323128808e-05"
"purine ribonucleoside metabolic process","276","GO:0046128","http://amigo.geneontology.org/amigo/term/GO:0046128","1.13723540482e-05"
"nucleoside metabolic process","325","GO:0009116","http://amigo.geneontology.org/amigo/term/GO:0009116","1.29748083008e-05"
"purine nucleoside metabolic process","279","GO:0042278","http://amigo.geneontology.org/amigo/term/GO:0042278","1.3995296069e-05"
"positive regulation of response to stimulus","1844","GO:0048584","http://amigo.geneontology.org/amigo/term/GO:0048584","1.88676167415e-05"
"ribose phosphate metabolic process","333","GO:0019693","http://amigo.geneontology.org/amigo/term/GO:0019693","2.12598506401e-05"
"negative regulation of signaling","1138","GO:0023057","http://amigo.geneontology.org/amigo/term/GO:0023057","2.25501015781e-05"
"regulation of transferase activity","880","GO:0051338","http://amigo.geneontology.org/amigo/term/GO:0051338","2.58983121405e-05"
"ribosomal large subunit assembly","18","GO:0000027","http://amigo.geneontology.org/amigo/term/GO:0000027","2.61408091288e-05"
"negative regulation of cell communication","1146","GO:0010648","http://amigo.geneontology.org/amigo/term/GO:0010648","2.85293003692e-05"
"macromolecule modification","2734","GO:0043412","http://amigo.geneontology.org/amigo/term/GO:0043412","3.55836984882e-05"
"biological regulation","11095","GO:0065007","http://amigo.geneontology.org/amigo/term/GO:0065007","3.76906158798e-05"
"ribonucleotide metabolic process","320","GO:0009259","http://amigo.geneontology.org/amigo/term/GO:0009259","4.26694847215e-05"
"cytoplasmic translation","28","GO:0002181","http://amigo.geneontology.org/amigo/term/GO:0002181","4.40417633591e-05"
"mitochondrial transmembrane transport","51","GO:1990542","http://amigo.geneontology.org/amigo/term/GO:1990542","5.38051629488e-05"
"regulation of metabolic process","6531","GO:0019222","http://amigo.geneontology.org/amigo/term/GO:0019222","7.18580843987e-05"
"response to heat","151","GO:0009408","http://amigo.geneontology.org/amigo/term/GO:0009408","7.64929130159e-05"
"positive regulation of protein modification process","1047","GO:0031401","http://amigo.geneontology.org/amigo/term/GO:0031401","8.18609600769e-05"
"positive regulation of macromolecule metabolic process","2659","GO:0010604","http://amigo.geneontology.org/amigo/term/GO:0010604","8.34155729405e-05"
"protein refolding","21","GO:0042026","http://amigo.geneontology.org/amigo/term/GO:0042026","8.53621892522e-05"
"positive regulation of metabolic process","3465","GO:0009893","http://amigo.geneontology.org/amigo/term/GO:0009893","0.000106616959888"
"localization within membrane","43","GO:0051668","http://amigo.geneontology.org/amigo/term/GO:0051668","0.000130050583128"
"cellular response to heat","102","GO:0034605","http://amigo.geneontology.org/amigo/term/GO:0034605","0.000140869727798"
"regulation of biological process","10582","GO:0050789","http://amigo.geneontology.org/amigo/term/GO:0050789","0.000172998053783"
"cell cycle G2/M phase transition","142","GO:0044839","http://amigo.geneontology.org/amigo/term/GO:0044839","0.000205706077468"
"G2/M transition of mitotic cell cycle","142","GO:0000086","http://amigo.geneontology.org/amigo/term/GO:0000086","0.000205706077468"
"protein N-linked glycosylation via asparagine","124","GO:0018279","http://amigo.geneontology.org/amigo/term/GO:0018279","0.00022571712175"
"response to abiotic stimulus","1118","GO:0009628","http://amigo.geneontology.org/amigo/term/GO:0009628","0.000236451720797"
"cellular response to chemical stimulus","2275","GO:0070887","http://amigo.geneontology.org/amigo/term/GO:0070887","0.000241480416953"
"peptidyl-asparagine modification","125","GO:0018196","http://amigo.geneontology.org/amigo/term/GO:0018196","0.00025028051138"
"single-organism membrane budding","35","GO:1902591","http://amigo.geneontology.org/amigo/term/GO:1902591","0.000291833524879"
"carbohydrate metabolic process","793","GO:0005975","http://amigo.geneontology.org/amigo/term/GO:0005975","0.000295610482431"
"purine ribonucleotide metabolic process","305","GO:0009150","http://amigo.geneontology.org/amigo/term/GO:0009150","0.000329906472794"
"multi-organism localization","36","GO:1902579","http://amigo.geneontology.org/amigo/term/GO:1902579","0.000369807070768"
"multi-organism transport","36","GO:0044766","http://amigo.geneontology.org/amigo/term/GO:0044766","0.000369807070768"
"response to temperature stimulus","213","GO:0009266","http://amigo.geneontology.org/amigo/term/GO:0009266","0.000401019240127"
"protein ubiquitination","585","GO:0016567","http://amigo.geneontology.org/amigo/term/GO:0016567","0.000402059036034"
"protein modification by small protein conjugation","678","GO:0032446","http://amigo.geneontology.org/amigo/term/GO:0032446","0.000429889968047"
"regulation of signal transduction","2485","GO:0009966","http://amigo.geneontology.org/amigo/term/GO:0009966","0.000594337270869"
"regulation of macromolecule metabolic process","5474","GO:0060255","http://amigo.geneontology.org/amigo/term/GO:0060255","0.000619586484689"
"nucleotide metabolic process","479","GO:0009117","http://amigo.geneontology.org/amigo/term/GO:0009117","0.000627765086213"
"protein N-linked glycosylation","135","GO:0006487","http://amigo.geneontology.org/amigo/term/GO:0006487","0.000668616567679"
"vesicle targeting, to, from or within Golgi","28","GO:0048199","http://amigo.geneontology.org/amigo/term/GO:0048199","0.000759199361478"
"protein import","137","GO:0017038","http://amigo.geneontology.org/amigo/term/GO:0017038","0.000805493036994"
"nucleoside phosphate metabolic process","485","GO:0006753","http://amigo.geneontology.org/amigo/term/GO:0006753","0.00081185915917"
"establishment of organelle localization","297","GO:0051656","http://amigo.geneontology.org/amigo/term/GO:0051656","0.000880229341879"
"regulation of cellular process","10096","GO:0050794","http://amigo.geneontology.org/amigo/term/GO:0050794","0.00088247259457"
"error-free translesion synthesis","19","GO:0070987","http://amigo.geneontology.org/amigo/term/GO:0070987","0.000891949536451"
"single-organism carbohydrate metabolic process","606","GO:0044723","http://amigo.geneontology.org/amigo/term/GO:0044723","0.000895592865132"
"membrane budding","68","GO:0006900","http://amigo.geneontology.org/amigo/term/GO:0006900","0.00095487090661"
"nuclear import","102","GO:0051170","http://amigo.geneontology.org/amigo/term/GO:0051170","0.00105109441163"
"purine nucleotide metabolic process","327","GO:0006163","http://amigo.geneontology.org/amigo/term/GO:0006163","0.00111872598646"
"ribonucleoside triphosphate biosynthetic process","55","GO:0009201","http://amigo.geneontology.org/amigo/term/GO:0009201","0.00124508155154"
"positive regulation of signal transduction","1326","GO:0009967","http://amigo.geneontology.org/amigo/term/GO:0009967","0.00129106754454"
"regulation of cell communication","2823","GO:0010646","http://amigo.geneontology.org/amigo/term/GO:0010646","0.00136458077978"
"regulation of cellular response to heat","71","GO:1900034","http://amigo.geneontology.org/amigo/term/GO:1900034","0.00145919885562"
"protein localization to nucleus","145","GO:0034504","http://amigo.geneontology.org/amigo/term/GO:0034504","0.00164481661281"
"multi-organism intracellular transport","32","GO:1902583","http://amigo.geneontology.org/amigo/term/GO:1902583","0.00206780288077"
"intracellular transport of virus","32","GO:0075733","http://amigo.geneontology.org/amigo/term/GO:0075733","0.00206780288077"
"regulation of signaling","2810","GO:0023051","http://amigo.geneontology.org/amigo/term/GO:0023051","0.00215627982993"
"carbohydrate derivative metabolic process","1028","GO:1901135","http://amigo.geneontology.org/amigo/term/GO:1901135","0.00223037979398"
"retrograde vesicle-mediated transport, Golgi to ER","33","GO:0006890","http://amigo.geneontology.org/amigo/term/GO:0006890","0.00260152853906"
"nucleobase-containing small molecule metabolic process","545","GO:0055086","http://amigo.geneontology.org/amigo/term/GO:0055086","0.00275304560025"
"establishment of RNA localization","152","GO:0051236","http://amigo.geneontology.org/amigo/term/GO:0051236","0.00295849279008"
"RNA transport","152","GO:0050658","http://amigo.geneontology.org/amigo/term/GO:0050658","0.00295849279008"
"nucleic acid transport","152","GO:0050657","http://amigo.geneontology.org/amigo/term/GO:0050657","0.00295849279008"
"phosphorus metabolic process","1937","GO:0006793","http://amigo.geneontology.org/amigo/term/GO:0006793","0.00312801794442"
"virion assembly","34","GO:0019068","http://amigo.geneontology.org/amigo/term/GO:0019068","0.00324905842683"
"purine-containing compound metabolic process","377","GO:0072521","http://amigo.geneontology.org/amigo/term/GO:0072521","0.0035230265908"
"energy reserve metabolic process","155","GO:0006112","http://amigo.geneontology.org/amigo/term/GO:0006112","0.00376733545303"
"cell activation","647","GO:0001775","http://amigo.geneontology.org/amigo/term/GO:0001775","0.00382332803269"
"transport of virus","35","GO:0046794","http://amigo.geneontology.org/amigo/term/GO:0046794","0.0040297768458"
"regulation of cellular metabolic process","5738","GO:0031323","http://amigo.geneontology.org/amigo/term/GO:0031323","0.0045592165433"
"posttranscriptional regulation of gene expression","356","GO:0010608","http://amigo.geneontology.org/amigo/term/GO:0010608","0.0047809131764"
"regulation of cellular response to stress","560","GO:0080135","http://amigo.geneontology.org/amigo/term/GO:0080135","0.00479502146972"
"single-organism nuclear import","98","GO:1902593","http://amigo.geneontology.org/amigo/term/GO:1902593","0.00481867390314"
"protein import into nucleus","98","GO:0006606","http://amigo.geneontology.org/amigo/term/GO:0006606","0.00481867390314"
"protein targeting to nucleus","98","GO:0044744","http://amigo.geneontology.org/amigo/term/GO:0044744","0.00481867390314"
"protein modification by small protein conjugation or removal","788","GO:0070647","http://amigo.geneontology.org/amigo/term/GO:0070647","0.005455261687"
"cellular response to organic substance","1849","GO:0071310","http://amigo.geneontology.org/amigo/term/GO:0071310","0.00546998586784"
"positive regulation of molecular function","1662","GO:0044093","http://amigo.geneontology.org/amigo/term/GO:0044093","0.00631414442446"
"nucleoside triphosphate biosynthetic process","66","GO:0009142","http://amigo.geneontology.org/amigo/term/GO:0009142","0.00640597640544"
"positive regulation of catalytic activity","1397","GO:0043085","http://amigo.geneontology.org/amigo/term/GO:0043085","0.00640971095957"
"RNA localization","162","GO:0006403","http://amigo.geneontology.org/amigo/term/GO:0006403","0.0064807957689"
"nucleobase-containing compound transport","186","GO:0015931","http://amigo.geneontology.org/amigo/term/GO:0015931","0.00724669033871"
"ATP biosynthetic process","38","GO:0006754","http://amigo.geneontology.org/amigo/term/GO:0006754","0.00740363372258"
"protein folding in endoplasmic reticulum","9","GO:0034975","http://amigo.geneontology.org/amigo/term/GO:0034975","0.00825122574991"
"vesicle coating","39","GO:0006901","http://amigo.geneontology.org/amigo/term/GO:0006901","0.00896414569511"
"nitrogen compound transport","487","GO:0071705","http://amigo.geneontology.org/amigo/term/GO:0071705","0.00939388205083"
"positive regulation of signaling","1457","GO:0023056","http://amigo.geneontology.org/amigo/term/GO:0023056","0.01027771911"
"positive regulation of cell communication","1463","GO:0010647","http://amigo.geneontology.org/amigo/term/GO:0010647","0.0116261176448"
"vesicle targeting","41","GO:0006903","http://amigo.geneontology.org/amigo/term/GO:0006903","0.0129389436882"
"DNA replication-dependent nucleosome assembly","10","GO:0006335","http://amigo.geneontology.org/amigo/term/GO:0006335","0.0137562307572"
"DNA replication-dependent nucleosome organization","10","GO:0034723","http://amigo.geneontology.org/amigo/term/GO:0034723","0.0137562307572"
"ncRNA metabolic process","409","GO:0034660","http://amigo.geneontology.org/amigo/term/GO:0034660","0.0143062334081"
"regulation of body fluid levels","657","GO:0050878","http://amigo.geneontology.org/amigo/term/GO:0050878","0.0150095266393"
"mitochondrial transport","153","GO:0006839","http://amigo.geneontology.org/amigo/term/GO:0006839","0.0171720544775"
"mitochondrial ATP synthesis coupled proton transport","19","GO:0042776","http://amigo.geneontology.org/amigo/term/GO:0042776","0.017549949119"
"positive regulation of RNA polymerase II transcriptional preinitiation complex assembly","11","GO:0045899","http://amigo.geneontology.org/amigo/term/GO:0045899","0.0218101826992"
"error-prone translesion synthesis","20","GO:0042276","http://amigo.geneontology.org/amigo/term/GO:0042276","0.0234944411088"
"mesenchyme migration","5","GO:0090131","http://amigo.geneontology.org/amigo/term/GO:0090131","0.0246358132034"
"regulation of multi-organism process","455","GO:0043900","http://amigo.geneontology.org/amigo/term/GO:0043900","0.0273287169259"
"nuclear export","117","GO:0051168","http://amigo.geneontology.org/amigo/term/GO:0051168","0.0292598386678"
"substantia nigra development","46","GO:0021762","http://amigo.geneontology.org/amigo/term/GO:0021762","0.0299091928483"
"organelle localization","369","GO:0051640","http://amigo.geneontology.org/amigo/term/GO:0051640","0.0300388566705"
"single-organism organelle organization","1949","GO:1902589","http://amigo.geneontology.org/amigo/term/GO:1902589","0.0322761172658"
"regulation of primary metabolic process","5497","GO:0080090","http://amigo.geneontology.org/amigo/term/GO:0080090","0.0340899498253"
"ribosomal small subunit biogenesis","47","GO:0042274","http://amigo.geneontology.org/amigo/term/GO:0042274","0.0349423345849"
"platelet activation","236","GO:0030168","http://amigo.geneontology.org/amigo/term/GO:0030168","0.0350518583901"
"regulation of biological quality","3136","GO:0065008","http://amigo.geneontology.org/amigo/term/GO:0065008","0.0376692372253"
"chaperone-mediated protein folding","48","GO:0061077","http://amigo.geneontology.org/amigo/term/GO:0061077","0.0406749830102"
"organophosphate metabolic process","827","GO:0019637","http://amigo.geneontology.org/amigo/term/GO:0019637","0.0417800292497"
"glucose metabolic process","143","GO:0006006","http://amigo.geneontology.org/amigo/term/GO:0006006","0.0422176773526"
"DNA biosynthetic process","82","GO:0071897","http://amigo.geneontology.org/amigo/term/GO:0071897","0.0429042690452"
"regulation of catalytic activity","2173","GO:0050790","http://amigo.geneontology.org/amigo/term/GO:0050790","0.044861791627"
"phosphate-containing compound metabolic process","1890","GO:0006796","http://amigo.geneontology.org/amigo/term/GO:0006796","0.0463726163519"
"purine ribonucleoside triphosphate biosynthetic process","49","GO:0009206","http://amigo.geneontology.org/amigo/term/GO:0009206","0.0471841314472"
"translesion synthesis","49","GO:0019985","http://amigo.geneontology.org/amigo/term/GO:0019985","0.0471841314472"
"pore complex assembly","13","GO:0046931","http://amigo.geneontology.org/amigo/term/GO:0046931","0.0487319980622"
"binding of sperm to zona pellucida","35","GO:0007339","http://amigo.geneontology.org/amigo/term/GO:0007339","0.0494346576733"
"DNA damage response, detection of DNA damage","35","GO:0042769","http://amigo.geneontology.org/amigo/term/GO:0042769","0.0494346576733"
"purine nucleoside triphosphate biosynthetic process","50","GO:0009145","http://amigo.geneontology.org/amigo/term/GO:0009145","0.0545529983209"
"carbohydrate derivative biosynthetic process","601","GO:1901137","http://amigo.geneontology.org/amigo/term/GO:1901137","0.0547016020101"
"mitochondrial ATP synthesis coupled electron transport","67","GO:0042775","http://amigo.geneontology.org/amigo/term/GO:0042775","0.0590328144268"
"ATP synthesis coupled electron transport","67","GO:0042773","http://amigo.geneontology.org/amigo/term/GO:0042773","0.0590328144268"
"response to endogenous stimulus","1434","GO:0009719","http://amigo.geneontology.org/amigo/term/GO:0009719","0.0633088277007"
"ribonucleoside biosynthetic process","106","GO:0042455","http://amigo.geneontology.org/amigo/term/GO:0042455","0.066314334583"
"regulation of RNA polymerase II transcriptional preinitiation complex assembly","14","GO:0045898","http://amigo.geneontology.org/amigo/term/GO:0045898","0.0694932799424"
"spliceosomal snRNP assembly","37","GO:0000387","http://amigo.geneontology.org/amigo/term/GO:0000387","0.0706008347769"
"signal transduction","4770","GO:0007165","http://amigo.geneontology.org/amigo/term/GO:0007165","0.0723750350478"
"regulation of nitrogen compound metabolic process","3947","GO:0051171","http://amigo.geneontology.org/amigo/term/GO:0051171","0.0750661338488"
"regulation of RNA splicing","88","GO:0043484","http://amigo.geneontology.org/amigo/term/GO:0043484","0.0786063309499"
"nucleosome assembly","108","GO:0006334","http://amigo.geneontology.org/amigo/term/GO:0006334","0.0787491693796"
"positive regulation of DNA-templated transcription, initiation","25","GO:2000144","http://amigo.geneontology.org/amigo/term/GO:2000144","0.0827204871362"
"peptidyl-amino acid modification","858","GO:0018193","http://amigo.geneontology.org/amigo/term/GO:0018193","0.0918953263641"
"single organism signaling","5170","GO:0044700","http://amigo.geneontology.org/amigo/term/GO:0044700","0.0942541723874"
"DNA metabolic process","721","GO:0006259","http://amigo.geneontology.org/amigo/term/GO:0006259","0.0970209369447"
"signaling","5173","GO:0023052","http://amigo.geneontology.org/amigo/term/GO:0023052","0.0971832095678"
"DNA replication-independent nucleosome assembly","39","GO:0006336","http://amigo.geneontology.org/amigo/term/GO:0006336","0.098786973812"
"DNA replication-independent nucleosome organization","39","GO:0034724","http://amigo.geneontology.org/amigo/term/GO:0034724","0.098786973812"
"cell communication","5290","GO:0007154","http://amigo.geneontology.org/amigo/term/GO:0007154","0.121941337655"
"ATP synthesis coupled proton transport","27","GO:0015986","http://amigo.geneontology.org/amigo/term/GO:0015986","0.127129555831"
"energy coupled proton transport, down electrochemical gradient","27","GO:0015985","http://amigo.geneontology.org/amigo/term/GO:0015985","0.127129555831"
"hydrogen ion transmembrane transport","114","GO:1902600","http://amigo.geneontology.org/amigo/term/GO:1902600","0.128998088255"
"transmembrane transport","1166","GO:0055085","http://amigo.geneontology.org/amigo/term/GO:0055085","0.130956249271"
"retrograde protein transport, ER to cytosol","16","GO:0030970","http://amigo.geneontology.org/amigo/term/GO:0030970","0.131317231739"
"positive regulation of cellular component organization","1129","GO:0051130","http://amigo.geneontology.org/amigo/term/GO:0051130","0.132311805919"
"nucleoside biosynthetic process","115","GO:0009163","http://amigo.geneontology.org/amigo/term/GO:0009163","0.139631465306"
"ribonucleoside monophosphate biosynthetic process","75","GO:0009156","http://amigo.geneontology.org/amigo/term/GO:0009156","0.142602925353"
"glycosyl compound biosynthetic process","116","GO:1901659","http://amigo.geneontology.org/amigo/term/GO:1901659","0.151015985883"
"postreplication repair","58","GO:0006301","http://amigo.geneontology.org/amigo/term/GO:0006301","0.156741666606"
"oxidative phosphorylation","76","GO:0006119","http://amigo.geneontology.org/amigo/term/GO:0006119","0.158006290283"
"toxin transport","42","GO:1901998","http://amigo.geneontology.org/amigo/term/GO:1901998","0.158044875932"
"cellular protein complex assembly","294","GO:0043623","http://amigo.geneontology.org/amigo/term/GO:0043623","0.160953032271"
"ribose phosphate biosynthetic process","140","GO:0046390","http://amigo.geneontology.org/amigo/term/GO:0046390","0.17069438533"
"regulation of molecular function","2645","GO:0065009","http://amigo.geneontology.org/amigo/term/GO:0065009","0.171653079032"
"protein exit from endoplasmic reticulum","17","GO:0032527","http://amigo.geneontology.org/amigo/term/GO:0032527","0.175057383591"
"post-translational protein modification","325","GO:0043687","http://amigo.geneontology.org/amigo/term/GO:0043687","0.178058303612"
"cellular response to topologically incorrect protein","119","GO:0035967","http://amigo.geneontology.org/amigo/term/GO:0035967","0.190125642153"
"regulation of protein localization","892","GO:0032880","http://amigo.geneontology.org/amigo/term/GO:0032880","0.206635095541"
"blood coagulation","514","GO:0007596","http://amigo.geneontology.org/amigo/term/GO:0007596","0.207442201531"
"Golgi vesicle transport","245","GO:0048193","http://amigo.geneontology.org/amigo/term/GO:0048193","0.216173770358"
"coagulation","516","GO:0050817","http://amigo.geneontology.org/amigo/term/GO:0050817","0.220816128505"
"response to cytokine","649","GO:0034097","http://amigo.geneontology.org/amigo/term/GO:0034097","0.221117564513"
"G1 phase","30","GO:0051318","http://amigo.geneontology.org/amigo/term/GO:0051318","0.228005294333"
"mitotic G1 phase","30","GO:0000080","http://amigo.geneontology.org/amigo/term/GO:0000080","0.228005294333"
"positive regulation of transcription initiation from RNA polymerase II promoter","18","GO:0060261","http://amigo.geneontology.org/amigo/term/GO:0060261","0.22935876565"
"chromatin assembly","122","GO:0031497","http://amigo.geneontology.org/amigo/term/GO:0031497","0.237699935276"
"hemostasis","519","GO:0007599","http://amigo.geneontology.org/amigo/term/GO:0007599","0.242340730677"
"coenzyme metabolic process","248","GO:0006732","http://amigo.geneontology.org/amigo/term/GO:0006732","0.249485294333"
"purine ribonucleoside monophosphate biosynthetic process","62","GO:0009168","http://amigo.geneontology.org/amigo/term/GO:0009168","0.25019582142"
"purine nucleoside monophosphate biosynthetic process","62","GO:0009127","http://amigo.geneontology.org/amigo/term/GO:0009127","0.25019582142"
"chromosome organization","866","GO:0051276","http://amigo.geneontology.org/amigo/term/GO:0051276","0.260710139211"
"rRNA processing","147","GO:0006364","http://amigo.geneontology.org/amigo/term/GO:0006364","0.272283699902"
"regulation of DNA-templated transcription, initiation","31","GO:2000142","http://amigo.geneontology.org/amigo/term/GO:2000142","0.273176482661"
"RNA stabilization","31","GO:0043489","http://amigo.geneontology.org/amigo/term/GO:0043489","0.273176482661"
"mRNA stabilization","31","GO:0048255","http://amigo.geneontology.org/amigo/term/GO:0048255","0.273176482661"
"regulation of cellular protein localization","491","GO:1903827","http://amigo.geneontology.org/amigo/term/GO:1903827","0.277933426365"
"organelle assembly","428","GO:0070925","http://amigo.geneontology.org/amigo/term/GO:0070925","0.283177279863"
"nucleoside monophosphate biosynthetic process","82","GO:0009124","http://amigo.geneontology.org/amigo/term/GO:0009124","0.283368890769"
"circadian rhythm","148","GO:0007623","http://amigo.geneontology.org/amigo/term/GO:0007623","0.290405225679"
"cofactor metabolic process","308","GO:0051186","http://amigo.geneontology.org/amigo/term/GO:0051186","0.292270866657"
"sperm-egg recognition","47","GO:0035036","http://amigo.geneontology.org/amigo/term/GO:0035036","0.320186707553"
"regulation of cellular component organization","2139","GO:0051128","http://amigo.geneontology.org/amigo/term/GO:0051128","0.32306790712"
"single-organism biosynthetic process","1329","GO:0044711","http://amigo.geneontology.org/amigo/term/GO:0044711","0.330182073433"
"RNA export from nucleus","84","GO:0006405","http://amigo.geneontology.org/amigo/term/GO:0006405","0.340493948444"
"proton transport","151","GO:0015992","http://amigo.geneontology.org/amigo/term/GO:0015992","0.351190168779"
"detection of stimulus involved in sensory perception","514","GO:0050906","http://amigo.geneontology.org/amigo/term/GO:0050906","0.369065722772"
"rRNA metabolic process","152","GO:0016072","http://amigo.geneontology.org/amigo/term/GO:0016072","0.373762096604"
"hydrogen transport","153","GO:0006818","http://amigo.geneontology.org/amigo/term/GO:0006818","0.397578919464"
"response to external stimulus","1905","GO:0009605","http://amigo.geneontology.org/amigo/term/GO:0009605","0.40678959355"
"regulation of translation","288","GO:0006417","http://amigo.geneontology.org/amigo/term/GO:0006417","0.423558335963"
"regulation of establishment of protein localization","780","GO:0070201","http://amigo.geneontology.org/amigo/term/GO:0070201","0.43253184784"
"endoplasmic reticulum unfolded protein response","108","GO:0030968","http://amigo.geneontology.org/amigo/term/GO:0030968","0.43587080625"
"sensory perception","945","GO:0007600","http://amigo.geneontology.org/amigo/term/GO:0007600","0.474933337512"
"rhythmic process","292","GO:0048511","http://amigo.geneontology.org/amigo/term/GO:0048511","0.499970342676"
