127018	LYPLAL1
65095	KRI1
55342	STRBP
27288	RBMXL2
28998	MRPL13
55291	PPP6R3
5982	RFC2
5983	RFC3
51264	MRPL27
51263	MRPL30
5984	RFC4
7840	ALMS1
7517	XRCC3
7514	XPO1
51069	MRPL2
55764	IFT122
3998	LMAN1
51065	RPS27L
3993	LLGL2
23451	SF3B1
9861	PSMD6
6150	MRPL23
6152	RPL24
6154	RPL26
6155	RPL27
6156	RPL30
6157	RPL27A
6158	RPL28
6159	RPL29
55907	CMAS
4733	DRG1
4736	RPL10A
10960	LMAN2
2316	FLNA
4738	NEDD8
10969	EBNA1BP2
51608	GET4
56122	PCDHB14
85458	DIXDC1
23367	LARP1
51602	NOP58
292	SLC25A5
293	SLC25A6
291	SLC25A4
3772	KCNJ15
391712	TRIM61
56052	ALG1
55832	CAND1
4650	MYO9B
4659	PPP1R12A
24138	IFIT5
26156	RSL1D1
26155	NOC2L
26154	ABCA12
26153	KIF26A
80201	HKDC1
51116	MRPS2
64928	MRPL14
2266	FGG
7884	SLBP
51300	TIMMDC1
221960	CCZ1B
9524	TECR
9525	VPS4B
9526	MPDU1
9255	AIMP1
9520	NPEPPS
9521	EEF1E1
22909	FAN1
56902	PNO1
103	ADAR
22907	DHX30
2040	STOM
163033	ZNF579
6050	RNH1
140432	RNF113B
9414	TJP2
9415	FADS2
9416	DDX23
26024	PTCD1
85437	ZCRB1
10632	ATP5L
5981	RFC1
54888	NSUN2
10147	SUGP2
10146	G3BP1
4141	MARS
54555	DDX49
54881	TEX10
10419	PRMT5
9328	GTF3C5
9329	GTF3C4
10383	TUBB4B
10382	TUBB4A
10381	TUBB3
2639	GCDH
9320	TRIP12
5985	RFC5
54953	C1orf27
8945	BTRC
54958	TMEM160
7266	DNAJC7
3516	RBPJ
6204	RPS10
6205	RPS11
6206	RPS12
6207	RPS13
6201	RPS7
6202	RPS8
6203	RPS9
6208	RPS14
6209	RPS15
26993	AKAP8L
10565	ARFGEF1
10564	ARFGEF2
10569	SLU7
547	KIF1A
10092	ARPC5
1627	DBN1
10096	ACTR3
5189	PEX1
9184	BUB3
8838	WISP3
83475	DOHH
8834	TMEM11
92345	NAF1
692312	PPAN-P2RY11
9181	ARHGEF2
79001	VKORC1
79009	DDX50
64328	XPO4
4259	MGST3
1175	AP2S1
1173	AP2M1
23052	ENDOD1
5532	PPP3CB
5537	PPP6C
89766	UMODL1
1284	COL4A2
11160	ERLIN2
8767	RIPK2
8761	PABPC4
1573	CYP2J2
79711	IPO4
79713	IGFLR1
682	BSG
51474	LIMA1
6474	SHOX2
51479	ANKFY1
8540	AGPS
6576	SLC25A1
7450	VWF
79671	NLRX1
5621	PRNP
7694	ZNF135
401	PHOX2A
400	ARL1
25940	FAM98A
25942	SIN3A
23291	FBXW11
65080	MRPL44
23475	QPRT
3837	KPNB1
3832	KIF11
55623	THUMPD1
55622	TTC27
3838	KPNA2
55626	AMBRA1
10884	MRPS30
9	NAT1
28982	FLVCR1
286151	FBXO43
23279	NUP160
80007	C10orf88
118487	CHCHD1
84864	MINA
378	ARF4
7520	XRCC5
55759	WDR12
51079	NDUFA13
7528	YY1
7529	YWHAB
375	ARF1
51073	MRPL4
377	ARF3
55750	AGK
55240	STEAP3
65265	C8orf33
6143	RPL19
6142	RPL18A
6141	RPL18
6147	RPL23A
6146	RPL22
6144	RPL21
10970	CKAP4
10971	YWHAQ
10972	TMED10
201134	CEP112
4728	NDUFS8
4720	NDUFS2
4722	NDUFS3
64848	YTHDC2
27145	FILIP1
253943	YTHDF3
56829	ZC3HAV1
4621	MYH3
117246	FTSJ3
4627	MYH9
4628	MYH10
4629	MYH11
5917	RARS
81615	TMEM163
221785	ZSCAN25
80210	ARMC9
51605	TRMT6
5859	QARS
51106	TFB1M
257397	TAB3
51606	ATP6V1H
9533	POLR1C
9532	BAG2
25980	AAR2
56910	STARD7
654483	BOLA2B
121391	KRT74
387263	C6orf120
387264	KRTAP5-1
2058	EPRS
3692	EIF6
9403	SEP15
9401	RECQL4
26038	CHD5
79888	LPCAT1
26030	PLEKHG3
26031	OSBPL3
10627	MYL12A
10153	CEBPZ
9330	GTF3C3
10155	TRIM28
9338	TCEAL1
10390	CEPT1
22800	RRAS2
22803	XRN2
22806	IKZF3
10399	GNB2L1
4747	NEFL
6217	RPS16
63875	MRPL17
6210	RPS15A
84062	DTNBP1
6218	RPS17
54982	CLN6
83590	TMUB1
255626	HIST1H2BA
9757	KMT2B
10579	TACC2
10574	CCT7
10575	CCT4
10576	CCT2
10573	MRPL28
7327	UBE2G2
1968	EIF2S3
3237	HOXD11
10085	EDIL3
1615	DARS
1962	EHHADH
147991	DPY19L3
83461	CDCA3
79016	DDA1
5442	POLRMT
5441	POLR2L
5440	POLR2K
5445	PON2
29777	ABT1
29803	REPIN1
23510	KCTD2
23511	NUP188
8621	CDK13
23040	MYT1L
23517	SKIV2L2
5509	PPP1R3D
5500	PPP1CB
5501	PPP1CC
343702	XKR7
50717	DCAF8
29119	CTNNA3
83732	RIOK1
83733	SLC25A18
79709	COLGALT1
79707	NOL9
3884	KRT33B
221092	HNRNPUL2
54059	YBEY
51449	PCYOX1
9987	HNRNPDL
51441	YTHDF2
5610	EIF2AK2
6566	SLC16A1
6560	SLC12A4
19	ABCA1
92609	TIMM50
219453	OR8K5
1387	CREBBP
28227	PPP2R3B
10213	PSMD14
27037	TRMT2A
55324	ABCF3
55325	UFSP2
8446	DUSP11
23265	EXOC7
8443	GNPAT
6873	TAF2
4288	MKI67
55749	CCAR1
7534	YWHAZ
51593	SRRT
7531	YWHAE
51594	NBAS
55746	NUP133
7532	YWHAG
55920	RCC2
55922	NKRF
57470	LRRC47
381	ARF5
55147	RBM23
6176	RPLP1
6175	RPLP0
6173	RPL36A
6170	RPL39
10180	RBM6
448834	KPRP
10989	IMMT
51622	CCZ1
7866	IFRD2
10985	GCN1
5872	RAB13
9967	THRAP3
60488	MRPS35
5371	PML
60481	ELOVL5
2193	FARSA
55818	KDM3A
4635	MYL4
2197	FAU
90809	TMEM55B
219927	MRPL21
2201	FBN2
57674	RNF213
81608	FIP1L1
80777	CYB5B
80775	TMEM177
9509	ADAMTS2
9500	MAGED1
79836	LONRF3
7846	TUBA1A
7841	MOGS
161	AP2A2
163	AP2B1
4839	NOP2
3688	ITGB1
4830	NME1
4522	MTHFD1
4836	NMT1
90480	GADD45GIP1
57038	RARS2
85293	KRTAP3-3
6191	RPS4X
6192	RPS4Y1
9439	MED23
26046	LTN1
9616	RNF7
9343	EFTUD2
5298	PI4KB
134147	CMBL
9349	RPL23
10165	SLC25A13
64324	NSD1
9183	ZW10
83858	ATAD3B
10360	NPM3
5052	PRDX1
7203	CCT3
57050	UTP3
81542	TMX1
6222	RPS18
6223	RPS19
6227	RPS21
6224	RPS20
10768	AHCYL1
6228	RPS23
6229	RPS24
57505	AARS2
101929876	LOC101929876
26958	COPG2
84656	GLYR1
26953	RANBP6
54998	AURKAIP1
1608	DGKG
1975	EIF4B
1973	EIF4A1
808	CALM3
801	CALM1
805	CALM2
8854	ALDH1A2
113251	LARP4
89941	RHOT2
9733	SART3
3320	HSP90AA1
53407	STX18
10211	FLOT1
3326	HSP90AB1
10212	DDX39A
3329	HSPD1
80829	ZFP91
1770	DNAH9
347733	TUBB2B
9736	USP34
10189	ALYREF
1778	DYNC1H1
55700	MAP7D1
8148	TAF15
1159	CKMT1B
8636	SSNA1
23071	ERP44
92856	IMP4
23077	MYCBP2
23076	RRP1B
1153	CIRBP
6993	DYNLT1
5518	PPP2R1A
54882	ANKHD1
339230	CCDC137
5516	PPP2CB
29127	RACGAP1
59	ACTA2
58	ACTA1
11102	RPP14
3035	HARS
11100	HNRNPUL1
3030	HADHA
3032	HADHB
52	ACP1
537	ATP6AP1
535	ATP6V0A1
11103	KRR1
22870	PPP6R1
79731	NARS2
51493	RTCB
539	ATP5O
83874	TBC1D10A
8036	SHOC2
319101	KRT73
5603	MAPK13
9631	NUP155
9991	PTBP3
9990	SLC12A6
8520	HAT1
8526	DGKE
9997	SCO2
11034	DSTN
25962	KIAA1429
6510	SLC1A5
26608	TBL2
55133	SRBD1
55131	RBM28
23499	MACF1
65993	MRPS34
8454	CUL1
8453	CUL2
23256	SCFD1
8458	TTF2
6426	SRSF1
6427	SRSF2
4298	MLLT1
4297	KMT2A
6428	SRSF3
30968	STOML2
23382	AHCYL2
55003	PAK1IP1
79734	KCTD17
7544	ZFY
221400	TDRD6
63931	MRPS14
4998	ORC1
6169	RPL38
6168	RPL37A
81567	TXNDC5
55794	DDX28
6161	RPL32
6160	RPL31
6165	RPL35A
6164	RPL34
6167	RPL37
6166	RPL36AL
51631	LUC7L2
10999	SLC27A4
51639	SF3B6
10994	ILVBL
84811	BUD13
10992	SF3B2
4744	NEFH
5868	RAB5A
55646	LYAR
102724594	LOC102724594
27125	AFF4
60493	FASTKD5
2332	FMR1
60496	AASDHPPT
2182	ACSL4
2181	ACSL3
2180	ACSL1
224	ALDH3A2
57647	DHX37
402317	OR2A42
6690	SPINK1
51121	RPL26L1
51123	ZNF706
372	ARCN1
90580	C19orf52
221955	DAGLB
6137	RPL13
6341	SCO1
51663	ZFR
85441	HELZ2
4513	COX2
6187	RPS2
56061	UBFD1
6185	RPN2
6184	RPN1
6183	MRPS12
6182	MRPL12
6181	RPLP2
64951	MRPS24
26056	RAB11FIP5
26057	ANKRD17
6189	RPS3A
6188	RPS3
9601	PDIA4
57332	CBX8
9354	UBE4A
10171	RCL1
10376	TUBA1B
222194	RSBN1L
22824	HSPA4L
22820	COPG1
8994	LIMD1
10772	SRSF10
6238	RRBP1
9513	FXR2
9512	PMPCB
6235	RPS29
6234	RPS28
6236	RRAD
6231	RPS26
6230	RPS25
63893	UBE2O
6232	RPS27
6513	SLC2A1
113457	TUBA3D
29080	CCDC59
9774	BCLAF1
10514	MYBBP1A
7307	U2AF1
83443	SF3B5
54503	ZDHHC13
54505	DHX29
811	CALR
813	CALU
3337	DNAJB1
5464	PPA1
1496	CTNNA2
10208	USPL1
3202	HOXA5
79039	DDX54
5261	PHKG2
375790	AGRN
8602	NOP14
284217	LAMA1
8607	RUVBL1
8604	SLC25A12
11137	PWP1
25885	POLR1A
54039	PCBP3
79724	ZNF768
91452	ACBD5
3028	HSD17B10
1019	CDK4
522	ATP5J
523	ATP6V1A
8733	GPAA1
83478	ARHGAP24
8518	IKBKAP
84272	YIPF4
26073	POLDIP2
84273	NOA1
4350	MPG
8288	EPX
25973	PARS2
25979	DHRS7B
6500	SKP1
55127	HEATR1
23066	CAND2
23060	ZNF609
23061	TBC1D9B
4905	NSF
23481	PES1
50999	TMED5
11340	EXOSC8
8467	SMARCA5
23244	PDS5A
23246	BOP1
8352	HIST1H3C
51021	MRPS16
51020	HDDC2
51023	MRPS18C
6434	TRA2B
5708	PSMD2
6432	SRSF7
6431	SRSF6
6430	SRSF5
5704	PSMC4
5705	PSMC5
5706	PSMC6
5707	PSMD1
5700	PSMC1
5701	PSMC2
5702	PSMC3
23392	KIAA0368
166968	MIER3
126298	IRGQ
7555	CNBP
221613	HIST1H2AA
55272	IMP3
55788	LMBRD1
26284	ERAL1
6037	RNASE3
286053	NSMCE2
6421	SFPQ
4174	MCM5
4175	MCM6
4176	MCM7
389421	LIN28B
4170	MCL1
4172	MCM3
4173	MCM4
201161	CENPV
201163	FLCN
55651	NHP2
51337	THEM6
5813	PURA
5814	PURB
51333	ZNF771
51807	TUBA8
51806	CALML5
56655	POLE4
6429	SRSF4
4619	MYH1
51422	PRKAG2
57650	KIAA1524
10057	ABCC5
5926	ARID4A
51150	SDF4
5928	RBBP4
5929	RBBP5
124245	ZC3H18
142	PARP1
143	PARP4
6924	TCEB3
645345	CHCHD2P9
4508	ATP6
26065	LSM14A
64949	MRPS26
254251	LCORL
2530	FUT8
2710	GK
9367	RAB9A
7227	TRPS1
7378	UPP1
10342	TFG
10693	CCT6B
22834	ZNF652
10694	CCT8
1832	DSP
337874	HIST2H2BD
3796	KIF2A
337873	HIST2H2BC
192666	KRT24
10749	KIF1C
9567	GTPBP1
6241	RRM2
10527	IPO7
10526	IPO8
10525	HYOU1
163786	SASS6
10523	CHERP
10521	DDX17
84630	TTBK1
10528	NOP56
114034	TOE1
8879	SGPL1
8878	SQSTM1
7317	UBA1
7316	UBC
7311	UBA52
54512	EXOSC4
54514	DDX4
134430	WDR36
821	CANX
84522	JAGN1
10236	HNRNPR
3308	HSPA4
3309	HSPA5
3306	HSPA2
5495	PPM1B
3304	HSPA1B
10238	DCAF7
3303	HSPA1A
3301	DNAJA1
49855	SCAPER
5250	SLC25A3
5251	PHEX
1717	DHCR7
790	CAD
1718	DHCR24
83897	KRTAP3-2
83896	KRTAP3-1
112714	TUBA3E
11128	POLR3A
79751	SLC25A22
3018	HIST1H2BB
7148	TNXB
1994	ELAVL1
3012	HIST1H2AE
3013	HIST1H2AD
26999	CYFIP2
51637	C14orf166
3017	HIST1H2BD
3014	H2AFX
8729	GBF1
56681	SAR1A
29927	SEC61A1
8723	SNX4
515	ATP5F1
8724	SNX3
8727	CTNNAL1
29920	PYCR2
114880	OSBPL6
8506	CNTNAP1
8508	NIPSNAP1
23122	CLASP2
8292	COLQ
8295	TRRAP
8294	HIST1H4I
4343	MOV10
11018	TMED1
2885	GRB2
11016	ATF7
790955	UQCC3
25983	NGDN
8614	STC2
23012	STK38L
338785	KRT79
23016	EXOSC7
9972	NUP153
3872	KRT17
3875	KRT18
11331	PHB2
26521	TIMM8B
11335	CBX3
11338	U2AF2
26528	DAZAP1
8471	IRS4
23234	DNAJC9
6400	SEL1L
5719	PSMD13
5718	PSMD12
5717	PSMD11
5716	PSMD10
5714	PSMD8
5713	PSMD7
5710	PSMD4
54927	CHCHD3
6745	SSR1
4763	NF1
84833	USMG5
6741	SSB
6742	SSBP1
26292	MYCBP
6748	SSR4
5709	PSMD3
115939	TSR3
96459	FNIP1
51329	ARL6IP4
51495	HACD3
51490	C9orf114
51491	NOP16
55661	DDX27
55660	PRPF40A
64794	DDX31
56311	ANKRD7
55681	SCYL2
80709	AKNA
7184	HSP90B1
5936	RBM4
5935	RBM3
5931	RBBP7
51142	CHCHD2
51143	DYNC1LI1
51144	HSD17B12
7812	CSDE1
54938	SARS2
7818	DAP3
85395	FAM207A
2091	FBL
7249	TSC2
3654	IRAK1
64976	MRPL40
64975	MRPL41
645974	PABPC1L2B
2521	FUS
140465	MYL6B
8969	HIST1H2AG
64978	MRPL38
57221	ARFGEF3
57222	ERGIC1
26273	FBXO3
26270	FBXO6
26278	SACS
9379	NRXN2
9378	NRXN1
5067	CNTN3
9373	PLAA
9377	COX5A
7965	AIMP2
10682	EBP
10687	PNMA2
56886	UGGT1
1829	DSG2
1828	DSG1
1825	DSC3
1824	DSC2
337867	UBAC2
23592	LEMD3
4974	OMG
4976	OPA1
5393	EXOSC9
10531	PITRM1
203111	ERICH5
10534	SSSCA1
337880	KRTAP11-1
5394	EXOSC10
3276	PRMT1
83955	NACAP1
9716	AQR
22993	HMGXB3
22990	PCNX
8886	DDX18
84286	TMEM175
84284	NTPCR
10927	SPIN1
9261	MAPKAPK2
7025	NR2F1
2353	FOS
3311	HSPA7
3310	HSPA6
3313	HSPA9
3312	HSPA8
137814	NKX2-6
9391	CIAO1
1729	DIAPH1
5245	PHB
55898	UNC45A
85865	GTPBP10
375775	PNPLA7
60	ACTB
3007	HIST1H1D
3006	HIST1H1C
51574	LARP7
3009	HIST1H1B
3008	HIST1H1E
7157	TP53
79748	LMAN1L
7150	TOP1
509	ATP5C1
506	ATP5B
9397	NMT2
79568	C2orf47
30000	TNPO2
23640	HSPBP1
8065	CUL5
23133	PHF8
23131	GPATCH8
196374	KRT78
6520	SLC3A2
8266	UBL4A
11068	CYB561D2
25994	HIGD1A
2896	GRN
1106	CHD2
8661	EIF3A
8662	EIF3B
8663	EIF3C
8664	EIF3D
8665	EIF3F
8666	EIF3G
8667	EIF3H
8668	EIF3I
1459	CSNK2A2
1108	CHD4
3868	KRT16
4085	MAD2L1
57380	MRS2
3861	KRT14
3860	KRT13
3866	KRT15
91949	COG7
65083	NOL6
22827	PUF60
126695	KDF1
26517	TIMM13
23223	RRP12
8402	SLC25A11
11329	STK38
7570	ZNF22
338323	NLRP14
51009	DERL2
9816	URB2
5725	PTBP1
3913	LAMB2
55627	SMPD4
55210	ATAD3A
55215	FANCI
6730	SRP68
6732	SRPK1
6733	SRPK2
23352	UBR4
23353	SUN1
23350	U2SURP
6737	TRIM21
81550	TDRD3
8318	CDC45
192111	PGAM5
8086	AAAS
8087	FXR1
5832	ALDH18A1
4925	NUCB2
5830	PEX5
10885	WDR3
9928	KIF14
51318	MRPL35
4035	LRP1
55505	NOP10
213	ALB
64786	TBC1D15
8335	HIST1H2AB
219	ALDH1B1
55697	VAC14
55695	NSUN5
55692	LUC7L
4038	LRP4
26058	GIGYF2
93380	MMGT1
5902	RANBP1
5903	RANBP2
5901	RAN
25777	SUN2
56257	MEPCE
56255	TMX4
51778	MYOZ2
3489	IGFBP6
57129	MRPL47
57695	USP37
57696	DDX55
3482	IGF2R
57122	NUP107
9904	RBM19
554313	HIST2H4B
3646	EIF3E
64960	MRPS15
4716	NDUFB10
64963	MRPS11
64965	MRPS9
64968	MRPS6
64969	MRPS5
6390	SDHB
6396	SEC13
64146	PDF
140706	CCM2L
140707	BRI3BP
10179	RBM7
2771	GNAI2
80198	MUS81
9493	KIF23
9147	NEMF
102724334	LOC102724334
5690	PSMB2
79968	WDR76
53938	PPIL3
5691	PSMB3
2177	FANCD2
2175	FANCA
162417	NAGS
9545	RAB3D
113263	GLCCI1
84295	PHF6
1937	EEF1G
10038	PARP2
64210	MMS19
1938	EEF2
84298	LLPH
55027	HEATR3
347862	PDDC1
64219	PJA1
55754	TMEM30A
22984	PDCD11
8899	PRPF4B
7371	UCK2
8894	EIF2S2
54539	NDUFB11
340529	PABPC1L2A
54534	MRPL50
26986	PABPC1
54536	EXOC6
54537	FAM35A
112802	KRT71
152137	CCDC50
9031	BAZ1B
9037	SEMA5A
7019	TFAM
29097	CNIH4
29093	MRPL22
5238	PGM3
64318	NOC3L
1736	DKC1
84617	TUBB6
29896	TRA2A
29894	CPSF1
79080	CCDC86
79084	WDR77
3070	HELLS
79188	TMEM43
6885	MAP3K7
3077	HFE
1025	CDK9
7168	TPM1
83743	GRWD1
79776	ZFHX4
1029	CDKN2A
83987	CCDC8
83986	ITFG3
79171	RBM42
23109	DDN
1209	CLPTM1
1207	CLNS1A
23107	MRPS27
59345	GNB4
5644	PRSS1
8270	LAGE3
84233	TMEM126A
3105	HLA-A
3106	HLA-B
3107	HLA-C
29074	MRPL18
23212	RRS1
23211	ZC3H4
6780	STAU1
55193	PBRM1
10973	ASCC3
23581	CASP14
488	ATP2A2
487	ATP2A1
11316	COPE
483	ATP1B3
481	ATP1B1
51018	RRP15
51010	EXOSC3
9804	TOMM20
9801	MRPL19
89874	SLC25A21
6233	RPS27A
25833	POU2F3
7745	ZKSCAN8
126208	ZNF787
3921	RPSA
51520	LARS
6727	SRP14
6726	SRP9
23365	ARHGEF12
136227	COL26A1
23369	PUM2
5822	PWP2
5825	ABCD3
5824	PEX19
11260	XPOT
93621	MRFAP1
4140	MARK3
8099	CDK2AP1
3856	KRT8
3857	KRT9
3854	KRT6B
3855	KRT7
3852	KRT5
3853	KRT6A
3850	KRT3
3851	KRT4
3858	KRT10
3859	KRT12
11146	GLMN
10291	SF3A1
3005	H1F0
6659	SOX4
51167	CYB5R4
6653	SORL1
6651	SON
55227	LRRC1
55226	NAT10
10808	HSPH1
10806	SDCCAG8
5913	RAPSN
140801	RPL10L
166863	RBM46
197	AHSG
191	AHCY
140807	KRT72
6386	SDCBP
64682	ANAPC1
6389	SDHA
6388	SDF2
2547	XRCC6
117159	DCD
1107	CHD3
26097	CHTOP
57592	ZNF687
26090	ABHD12
8881	CDC16
1457	CSNK2A1
64425	POLR1E
5000	ORC4
1452	CSNK1A1
2762	GMDS
153090	DAB2IP
7903	ST8SIA4
7905	REEP5
6272	SORT1
904	CCNT1
79954	NOL10
6279	S100A8
6278	S100A7
908	CCT6A
9551	ATP5J2
9553	MRPL33
4625	MYH7
2617	GARS
9730	VPRBP
54495	TMX3
9735	KNTC1
122046	TEX26
9739	SETD1A
54499	TMCO1
2618	GART
10799	RPP40
5139	PDE3A
10026	PIGK
10797	MTHFD2
10023	FRAT1
857	CAV1
723790	HIST2H2AA4
54819	ZCCHC10
57379	AICDA
54814	QPCTL
29088	MRPL15
10248	POP7
57662	CAMSAP3
7001	PRDX2
10240	MRPS31
10241	CALCOCO2
10245	TIMM17B
54915	YTHDF1
8934	RAB29
133060	OTOP1
8933	FAM127A
740	MRPL49
741	ZNHIT2
746	TMEM258
29889	GNL2
6890	TAP1
6894	TARBP1
6897	TARS
2948	GSTM4
11328	FKBP9
57805	CCAR2
5356	PLRG1
83752	LONP2
5352	PLOD2
5351	PLOD1
79760	GEMIN7
83759	RBM4B
5359	PLSCR1
56342	PPAN
388551	CEACAM16
79786	KLHL36
348995	NUP43
11047	ADRM1
54107	POLE3
161198	CLEC14A
8243	SMC1A
8241	RBM10
148867	SLC30A7
23029	RBM34
23020	SNRNP200
23753	SDF2L1
23204	ARL6IP1
10200	MPHOSPH6
1302	COL11A2
1303	COL12A1
55182	RNF220
23759	PPIL2
84991	RBM17
27042	DIEXF
27043	PELP1
5742	PTGS1
498	ATP5A1
23598	PATZ1
495	ATP4A
490	ATP2B1
5584	PRKCI
23	ABCF1
55052	MRPL20
221472	FGD2
5589	PRKCSH
25824	PRDX5
55178	RNMTL1
23112	TNRC6B
92140	MTDH
23118	TAB2
10657	KHDRBS1
221496	LEMD2
3939	LDHA
10197	PSME3
92815	HIST3H2A
3930	LBR
60558	GUF1
8332	HIST1H2AL
8330	HIST1H2AK
8331	HIST1H2AJ
8336	HIST1H2AM
8337	HIST2H2AA3
8334	HIST1H2AC
11273	ATXN2L
8338	HIST2H2AC
8339	HIST1H2BG
6711	SPTBN1
4139	MARK1
51373	MRPS17
4131	MAP1B
9908	G3BP2
5692	PSMB4
5693	PSMB5
3843	IPO5
3842	TNPO1
5694	PSMB6
3849	KRT2
3848	KRT1
56915	EXOSC5
116541	MRPL54
116540	MRPL53
124995	MRPL10
51196	PLCE1
51191	HERC5
6667	SP1
55234	SMU1
51755	CDK12
5965	RECQL
51203	NUSAP1
51202	DDX47
2288	FKBP4
56980	PRDM10
90957	DHX57
85235	HIST1H2AH
85236	HIST1H2BK
64983	MRPL32
64981	MRPL34
27316	RBMX
10906	TRAFD1
57215	THAP11
26227	PHGDH
64434	NOM1
2597	GAPDH
64432	MRPS25
9126	SMC3
9128	PRPF4
9129	PRPF3
5034	P4HB
5033	P4HA1
10653	SPINT2
4794	NFKBIE
4436	MSH2
7917	BAG6
7916	PRRC2A
4942	OAT
6280	S100A9
53918	PELO
26135	SERBP1
57106	NAT14
6048	RNF5
23456	ABCB10
54487	DGCR8
2628	GATM
4150	MAZ
9238	TBRG4
9584	RBM39
10011	SRA1
1915	EEF1A1
4154	MBNL1
865	CBFB
10625	IVNS1ABP
2027	ENO3
2023	ENO1
84188	FAR1
10492	SYNCRIP
10273	STUB1
53347	UBASH3A
5214	PFKP
10476	ATP5H
5213	PFKM
5211	PFKL
9053	MAP7
5218	CDK14
51091	SEPSECS
8924	HERC2
84365	NIFK
22891	ZNF365
22894	DIS3
351	APP
728378	POTEF
72	ACTG2
71	ACTG1
70	ACTC1
3054	HCFC1
2976	GTF3C2
2975	GTF3C1
1041	CDSN
1047	CLGN
3029	HAGH
222068	TMED4
10391	CORO2B
219736	STOX1
79159	NOL12
147746	HIPK4
667	DST
1267	CNP
661	POLR3D
11056	DDX52
9588	PRDX6
1468	SLC25A10
114971	PTPMT1
8653	DDX3Y
8655	DYNLL1
1460	CSNK2B
521	ATP5I
1315	COPB1
1314	COPA
1312	COMT
8437	RASAL1
144108	SPTY2D1
23761	PISD
284119	PTRF
6446	SGK1
51566	ARMCX3
9821	RB1CC1
23567	ZNF346
23560	GTPBP4
165055	CCDC138
5591	PRKDC
5594	MAPK1
25813	SAMM50
23163	GGA3
23165	NUP205
25814	ATXN10
7726	TRIM26
6722	SRF
55735	DNAJC11
170506	DHX36
8329	HIST1H2AI
23304	UBR2
51366	UBR5
9919	SEC16A
55914	ERBB2IP
65008	MRPL1
100526737	RBM14-RBM4
5689	PSMB1
5688	PSMA7
5685	PSMA4
5684	PSMA3
5687	PSMA6
65003	MRPL11
65005	MRPL9
5682	PSMA1
64750	SMURF2
253782	CERS6
340542	BEX5
23411	SIRT1
4057	LTF
23787	MTCH1
4052	LTBP1
8287	USP9Y
51187	RSL24D1
51184	GPN3
23788	MTCH2
51181	DCXR
51747	LUC7L3
5976	UPF1
56993	TOMM22
60528	ELAC2
2296	FOXC1
56997	ADCK3
10813	UTP14A
10270	AKAP8
10916	MAGED2
10810	WASF3
10911	UTS2
200316	APOBEC3F
10919	EHMT2
5297	PI4KA
9131	AIFM1
2584	GALK1
9136	RRP9
2580	GAK
29956	CERS2
10644	IGF2BP2
10313	RTN3
10642	IGF2BP1
10643	IGF2BP3
57003	CCDC47
4440	MSI1
6194	RPS6
3728	JUP
5294	PIK3CG
4686	NCBP1
57488	ESYT2
79934	ADCK4
26121	PRPF31
2103	ESRRB
2101	ESRRA
6051	RNPEP
80273	GRPEL1
10005	ACOT8
5111	PCNA
5110	PCMT1
54474	KRT20
162605	KRT28
2631	GBAS
10009	ZBTB33
9229	DLGAP1
124540	MSI2
83693	HSDL1
9221	NOLC1
1537	CYC1
100287932	TIMM23
54876	DCAF16
874	CBR3
875	CBS
871	SERPINH1
205564	SENP5
10489	LRRC41
203068	TUBB
10480	EIF3M
10482	NXF1
4841	NONO
891	CCNB1
10262	SF3B4
84790	TUBA1C
10465	PPIH
5209	PFKFB3
9045	RPL14
121441	NEDD1
84319	CMSS1
1965	EIF2S1
84311	MRPL45
84310	C7orf50
23140	ZZEF1
80308	FLAD1
54726	OTUD4
2962	GTF2F1
1781	DYNC1I2
1783	DYNC1LI2
2969	GTF2I
1786	DNMT1
7112	TMPO
440026	TMEM41B
161424	NOP9
3045	HBD
6193	RPS5
57827	C6orf47
1072	CFL1
1678	TIMM8A
346528	OR2A1
57568	SIPA1L2
147007	TMEM199
672	BRCA1
409	ARRB2
29997	GLTSCR2
342574	KRT27
1327	COX4I1
4637	MYL6
23770	FKBP8
2495	FTH1
1329	COX5B
8683	SRSF9
8687	KRT38
8342	HIST1H2BM
9859	CEP170
8688	KRT37
8689	KRT36
8340	HIST1H2BL
196441	ZFC3H1
91582	RPS19BP1
8346	HIST1H2BI
50808	AK3
25804	LSM4
23178	PASK
50804	MYEF2
3959	LGALS3BP
55720	TSR1
3954	LETM1
8358	HIST1H3B
8359	HIST1H4A
8350	HIST1H3A
8351	HIST1H3D
11218	DDX20
8353	HIST1H3E
8354	HIST1H3I
8355	HIST1H3G
8356	HIST1H3J
8357	HIST1H3H
114294	LACTB
51351	ZNF117
51350	KRT76
126328	NDUFA11
2475	MTOR
51433	ANAPC5
10890	RAB10
23404	EXOSC2
23405	DICER1
6605	SMARCE1
6606	SMN1
6607	SMN2
10857	PGRMC1
10856	RUVBL2
27247	NFU1
27248	ERLEC1
4069	LYZ
65109	UPF3B
27089	UQCRQ
94081	SFXN1
3609	ILF3
3608	ILF2
63971	KIF13A
25797	QPCT
3891	KRT85
440689	HIST2H2BF
51647	FAM96B
27338	UBE2S
27339	PRPF19
51642	MRPL48
27335	EIF3K
51649	MRPS23
27332	ZNF638
7283	TUBG1
7280	TUBB2A
219293	ATAD3C
64419	MTMR14
7284	TUFM
344805	TMPRSS7
9100	USP10
1894	ECT2
3735	KARS
4691	NCL
4926	NUMA1
4697	NDUFA4
4928	NUP98
51604	PIGT
128239	IQGAP3
85369	STRIP1
63035	BCORL1
57169	ZNFX1
85364	ZCCHC3
5160	PDHA1
5162	PDHB
10075	HUWE1
54464	XRN1
54460	MRPS21
22948	CCT5
9217	VAPB
54862	CC2D1A
3428	IFI16
56945	MRPS22
54865	GPATCH4
9698	PUM1
128308	MRPL55
9690	UBE3C
552900	BOLA2
10294	DNAJA2
54606	DDX56
10452	TOMM40
10456	HAX1
10454	TAB1
3551	IKBKB
3550	IK
54919	DNAAF5
4779	NFE2L1
84306	PDCD2L
54913	RPP25
84305	WIBG
54732	TMED9
2918	GRM8
10605	PAIP1
84433	CARD11
388697	HRNR
23041	MON2
10845	CLPX
81027	TUBB1
79139	DERL1
1063	CENPF
84545	MRPL43
1665	DHX15
26019	UPF2
1662	DDX10
1660	DHX9
8237	USP11
6595	SMARCA2
6596	HLTF
6597	SMARCA4
136647	MPLKIP
8239	USP9X
196528	ARID2
7639	ZNF85
5411	PNN
79686	LINC00341
83657	DYNLRB2
79665	DHX40
4214	MAP3K1
118460	EXOSC6
4218	RAB8A
444	ASPH
51504	TRMT112
5771	PTPN2
5770	PTPN1
8697	CDC23
100653049	LOC100653049
7706	TRIM25
10921	RNPS1
31	ACACA
34	ACADM
641	BLM
1535	CYBA
25873	RPL36
79590	MRPL24
114823	LENG8
114821	ZBED9
23327	NEDD4L
8349	HIST2H2BE
8348	HIST1H2BO
8343	HIST1H2BF
11226	GALNT6
8341	HIST1H2BN
11224	RPL35
8347	HIST1H2BC
11222	MRPL3
8345	HIST1H2BH
8344	HIST1H2BE
51340	CRNKL1
51434	ANAPC7
284827	KRTAP13-4
7410	VAV2
7411	VBP1
7416	VDAC1
7417	VDAC2
7415	VCP
3892	KRT86
3890	KRT84
7419	VDAC3
55151	TMEM38B
149986	LSM14B
3895	KTN1
5861	RAB1A
55379	LRRC59
88745	RRP36
374291	NDUFS7
23435	TARDBP
23439	ATP1B4
23438	HARS2
51236	HGH1
5955	RCN2
5954	RCN1
10849	CD3EAP
84946	LTV1
4076	CAPRIN1
4072	EPCAM
54948	MRPL16
51726	DNAJB11
6747	SSR3
57710	KIAA1614
23603	CORO1C
54433	GAR1
51655	RASD1
10939	AFG3L2
51650	MRPS33
27340	UTP20
27343	POLL
165545	DQX1
27346	TMEM97
9119	KRT75
57538	ALPK3
9448	MAP4K4
124491	TMEM170A
9445	ITM2B
9444	QKI
9114	ATP6V0D1
3709	ITPR2
3703	STT3A
3707	ITPKB
90507	SCRN2
4666	NACA
9827	RGP1
64087	MCCC2
81875	ISG20L2
64083	GOLPH3
9205	ZMYM5
10061	ABCF2
10067	SCAMP3
9209	LRRFIP2
90324	CCDC97
22931	RAB18
7388	UQCRH
81890	QTRT1
81892	SLIRP
7384	UQCRC1
7385	UQCRC2
79861	TUBAL3
54856	GON4L
10664	CTCF
9688	NUP93
4869	NPM1
9980	DOPEY2
9681	DEPDC5
2010	EMD
84154	RPF2
337959	KRTAP13-2
10286	BCAS2
10280	SIGMAR1
9665	KIAA0430
10113	PREB
9669	EIF5B
317772	HIST2H2AB
7259	TSPYL1
51154	MRTO4
10592	SMC2
4485	MST1
10594	PRPF8
8970	HIST1H2BJ
8971	H1FX
10598	AHSA1
8974	P4HA2
54925	ZSCAN32
708	C1QBP
705	BYSL
219743	TYSND1
60681	FKBP10
5315	PKM
1659	DHX8
8803	SUCLA2
1653	DDX1
1650	DDOST
1656	DDX6
1654	DDX3X
1655	DDX5
57532	NUFIP2
582	BBS1
583	BBS2
8208	CHAF1B
54148	MRPL39
11083	DIDO1
1436	CSF1R
1434	CSE1L
1432	MAPK14
3396	ICT1
79691	QTRTD1
79697	C14orf169
347741	OTOP3
79050	NOC4L
23550	PSD4
79670	ZCCHC6
4267	CD99
1340	COX6B1
1345	COX6C
1347	COX7A2
51808	PHAX
9879	DDX46
9877	ZC3H11A
9875	URB1
6921	TCEB1
6923	TCEB2
2483	FRG1
1503	CTPS1
23333	DPY19L1
8370	HIST2H4A
8575	PRKRA
8570	KHSRP
5896	RAG1
11230	PRAF2
3885	KRT34
6138	RPL15
3887	KRT81
3886	KRT35
3881	KRT31
3880	KRT19
3883	KRT33A
3882	KRT32
3889	KRT83
3888	KRT82
25917	THUMPD3
25914	RTTN
28957	MRPS28
55149	MTPAP
28958	COA3
7407	VARS
85379	KIAA1671
26354	GNL3
6628	SNRPB
6629	SNRPB2
6626	SNRPA
6627	SNRPA1
6625	SNRNP70
84939	MUM1
4001	LMNB1
322	APBB1
55705	IPO9
64127	NOD2
50628	GEMIN4
51081	MRPS7
55703	POLR3B
9898	UBAP2L
64943	NT5DC2
55967	NDUFA12
84844	PHF5A
124801	LSM12
6139	RPL17
4710	NDUFB4
57707	TLDC1
6132	RPL8
6133	RPL9
6130	RPL7A
78988	MRPL57
6136	RPL12
4719	NDUFS1
6134	RPL10
6135	RPL11
10949	HNRNPA0
10940	POP1
10945	KDELR1
10946	SF3A3
138716	RPP25L
404734	ANKHD1-EIF4EBP3
80222	TARS2
4676	NAP1L4
4673	NAP1L1
4904	YBX1
4670	HNRNPM
2244	FGB
57142	RTN4
124790	HEXIM2
7431	VIM
996	CDC27
6444	SGCD
9276	COPB2
10725	NFAT5
10056	FARSB
10051	SMC4
57448	BIRC6
81887	LAS1L
55037	PTCD3
121504	HIST4H4
5686	PSMA5
56922	MCCC1
2068	ERCC2
10613	ERLIN1
7533	YWHAH
5424	POLD1
2064	ERBB2
220988	HNRNPA3
256364	EML3
9092	SART1
9093	DNAJA3
9652	TTC37
10128	LRPPRC
9657	IQCB1
8531	YBX3
5073	PARN
10432	RBM14
10436	EMG1
54931	TRMT10C
5091	PC
5093	PCBP1
5094	PCBP2
5095	PCCA
5096	PCCB
9782	MATR3
8968	HIST1H3F
54442	KCTD5
84461	NEURL4
6829	SUPT5H
84450	ZNF512
10542	LAMTOR5
125228	FAM210A
10549	PRDX4
1642	DDB1
54620	FBXL19
8816	DCAF5
8813	DPM1
169714	QSOX2
11097	NUPL2
11091	WDR5
283455	KSR2
55299	BRIX1
56302	TRPV5
548596	CKMT1A
2800	GOLGA1
2801	GOLGA2
5432	POLR2C
5431	POLR2B
5437	POLR2H
128312	HIST3H2BB
343069	HNRNPCL1
58477	SRPRB
10667	FARS2
29789	OLA1
23521	RPL13A
27257	LSM1
8106	PABPN1
23524	SRRM2
23528	ZNF281
1350	COX7C
1355	COX15
5553	PRG2
6950	TCP1
9793	CKAP5
132299	OCIAD2
58508	KMT2C
374454	KRT77
1511	CTSG
8361	HIST1H4F
8360	HIST1H4D
8363	HIST1H4J
8362	HIST1H4K
8365	HIST1H4H
8364	HIST1H4C
8367	HIST1H4E
8366	HIST1H4B
8368	HIST1H4L
5887	RAD23B
23185	LARP4B
5884	RAD17
5889	RAD51C
27258	LSM3
27183	VPS4A
8568	RRP1
6558	SLC12A2
3184	HNRNPD
3185	HNRNPF
3187	HNRNPH1
3181	HNRNPA2B1
3182	HNRNPAB
3183	HNRNPC
55173	MRPS10
3188	HNRNPH2
3189	HNRNPH3
55175	KLHL11
51388	NIP7
51386	EIF3L
58515	SELK
201595	STT3B
6631	SNRPC
23450	SF3B3
6633	SNRPD2
6632	SNRPD1
6635	SNRPE
6634	SNRPD3
6637	SNRPG
6636	SNRPF
51253	MRPL37
286887	KRT6C
51706	CYB5R1
26589	MRPL46
51258	MRPL51
84924	ZNF566
55770	EXOC2
9883	POM121
51096	UTP18
3980	LIG3
65244	SPATS2
6125	RPL5
6124	RPL4
6122	RPL3
148203	ZNF738
2319	FLOT2
6129	RPL7
6128	RPL6
4705	NDUFA10
4704	NDUFA9
2328	FMO3
10959	TMED2
10952	SEC61B
27292	DIMT1
57062	DDX24
221823	PRPS1L1
81555	YIPF5
4646	MYO6
4647	MYO7A
2314	FLII
7314	UBB
63929	XPNPEP3
2194	FASN
10048	RANBP9
10049	DNAJB6
988	CDC5L
57466	SCAF4
983	CDK1
5153	PDE1B
10732	TCFL5
7874	USP7
201931	TMEM192
84135	UTP15
125988	C19orf70
2783	GNB2
2782	GNB1
94031	HTRA3
4809	SNU13
2079	ERH
10606	PAICS
9188	DDX21
57510	XPO5
6305	SBF1
90231	KIAA2013
6301	SARS
2074	ERCC6
54892	NCAPG2
54890	ALKBH5
10130	PDIA6
10131	TRAP1
90019	SYT8
9319	TRIP13
10423	CDIPT
9647	PPM1F
10424	PGRMC2
53635	PTOV1
3508	IGHMBP2
7273	TTN
7277	TUBA4A
3500	IGHG1
3501	IGHG2
7278	TUBA3C
5087	PBX1
54431	DNAJC10
2670	GFAP
2673	GFPT1
80349	WDR61
54439	RBM27
80344	DCAF11
2920	CXCL2
2923	PDIA3
6838	SURF6
2926	GRSF1
10556	RPP30
10557	RPP38
9790	BMS1
285855	RPL7L1
10558	SPTLC1
1984	EIF5A
1981	EIF4G1
83481	EPPK1
55288	RHOT1
2810	SFN
284498	C1orf167
23310	NCAPD3
29951	PDZRN4
3178	HNRNPA1
102724159	LOC102724159
79073	TMEM109
1186	CLCN7
3376	IARS
5427	POLE2
5426	POLE
84467	FBN3
29796	UQCR10
83667	SESN2
51013	EXOSC1
23534	TNPO3
79654	HECTD3
7037	TFRC
6499	SKIV2L
5520	PPP2R2A
123624	AGBL1
5523	PPP2R3A
5529	PPP2R5E
5496	PPM1G
7295	TXN
58516	FAM60A
11171	STRAP
3305	HSPA1L
11177	BAZ1A
11176	BAZ2A
476	ATP1A1
5493	PPL
3192	HNRNPU
57558	USP35
8394	PIP5K1A
8487	GEMIN2
132001	TAMM41
23199	GSE1
23195	MDN1
23196	FAM120A
23197	FAF2
23191	CYFIP1
23193	GANAB
1861	TOR1A
55161	TMEM33
5634	PRPS2
5636	PRPSAP2
55168	MRPS18A
5631	PRPS1
472	ATM
129531	MITD1
7468	WHSC1
1362	CPD
25939	SAMHD1
3191	HNRNPL
3190	HNRNPK
28977	MRPL42
28973	MRPS18B
